{
  "type" : "FeatureCollection", 
  "features" : [
    {
      "type" : "Feature", 
      "id" : 1, 
      "geometry" : 
      {
        "type" : "Polygon", 
        "coordinates" : 
        [
          [
            [-101.79531360284, 53.7703762019003], 
            [-102.1376495329, 53.7846664292125], 
            [-102.406870580613, 53.8895004001234], 
            [-102.624623427629, 54.049211002286], 
            [-102.79385785026, 54.269904632393], 
            [-102.884833268441, 54.5294849477722], 
            [-102.89634459063, 54.81987603645], 
            [-102.845712759436, 55.0324487884809], 
            [-102.764027337991, 55.2055233162481], 
            [-102.584927352515, 55.4332766244167], 
            [-102.309177226748, 55.6021243385675], 
            [-102.043598433321, 55.6717048852723], 
            [-101.686909323406, 55.6443744882921], 
            [-101.399683848331, 55.5088196762871], 
            [-101.20194091684, 55.3255918026197], 
            [-101.091090481441, 55.1645142309471], 
            [-100.998028636113, 54.9379390346588], 
            [-100.982542310479, 54.5472285717413], 
            [-101.034927819663, 54.3817623084838], 
            [-101.12152353948, 54.1982826246435], 
            [-101.343710044183, 53.9584784010574], 
            [-101.579881006703, 53.8334996163143], 
            [-101.69360927265, 53.8037050769278], 
            [-101.784494758626, 53.7820583952788], 
            [-101.79531360284, 53.7703762019003]
          ]
        ]
      }, 
      "properties" : {
        "OBJECTID" : 1, 
        "Id" : 1, 
        "gridcode" : 1, 
        "Unixtime" : 1790650800, 
        "Timestamp" : 1790650800000, 
        "Shape__Area" : 61258743004.632813, 
        "Shape__Length" : 929683.25268335349
      }
    }, 
    {
      "type" : "Feature", 
      "id" : 2, 
      "geometry" : 
      {
        "type" : "Polygon", 
        "coordinates" : 
        [
          [
            [-113.52098920229, 53.3427575622118], 
            [-113.643521831068, 53.358082009877], 
            [-113.614698559491, 53.4836633403909], 
            [-113.489153201859, 53.6903545262405], 
            [-113.420948617884, 53.5983179080451], 
            [-113.449879808107, 53.438616299103], 
            [-113.52098920229, 53.3427575622118]
          ]
        ]
      }, 
      "properties" : {
        "OBJECTID" : 2, 
        "Id" : 2, 
        "gridcode" : 2, 
        "Unixtime" : 1790650800, 
        "Timestamp" : 1790650800000, 
        "Shape__Area" : 917849992.9921875, 
        "Shape__Length" : 147334.82686420382
      }
    }, 
    {
      "type" : "Feature", 
      "id" : 3, 
      "geometry" : 
      {
        "type" : "Polygon", 
        "coordinates" : 
        [
          [
            [-77.6462863470372, 52.7125846180857], 
            [-77.9179535507157, 52.7352924997492], 
            [-78.1607075506129, 52.8274100569287], 
            [-78.3426763734158, 52.9580815502234], 
            [-78.501559599296, 53.1501587528243], 
            [-78.598605441288, 53.3805920406902], 
            [-78.6244699433332, 53.7024594009807], 
            [-78.5908892581327, 53.8677008337266], 
            [-78.4778984362638, 54.1209229422401], 
            [-78.3349242173787, 54.286865846182], 
            [-78.1717152524569, 54.4025906070709], 
            [-77.951354371507, 54.4953916490055], 
            [-77.6343793231472, 54.5208604493503], 
            [-77.3343924682377, 54.430541536263], 
            [-77.1060186278573, 54.2665591543816], 
            [-76.9685032937919, 54.0909665248853], 
            [-76.8802168485287, 53.8920814543957], 
            [-76.8256549799933, 53.6419440205002], 
            [-76.8618976584501, 53.3745036304382], 
            [-76.9755719650741, 53.119743681226], 
            [-77.1542582624088, 52.9123510241805], 
            [-77.3874434757358, 52.7822461037748], 
            [-77.5216672911125, 52.7455087981926], 
            [-77.6358721977437, 52.7246804996055], 
            [-77.6462863470372, 52.7125846180857]
          ]
        ]
      }, 
      "properties" : {
        "OBJECTID" : 3, 
        "Id" : 3, 
        "gridcode" : 1, 
        "Unixtime" : 1790650800, 
        "Timestamp" : 1790650800000, 
        "Shape__Area" : 52655103437.421875, 
        "Shape__Length" : 860195.845808203
      }
    }, 
    {
      "type" : "Feature", 
      "id" : 4, 
      "geometry" : 
      {
        "type" : "Polygon", 
        "coordinates" : 
        [
          [
            [-60.2490902233351, 52.4875292760553], 
            [-60.6010848721691, 52.5013158830217], 
            [-60.8588935231176, 52.6263935931898], 
            [-60.9942414910519, 52.7564265678319], 
            [-61.090585861848, 52.8985644172142], 
            [-61.1600674831278, 53.0698492941097], 
            [-61.1672620594964, 53.4225274276987], 
            [-61.1189504791812, 53.5714281788674], 
            [-61.0742002141685, 53.6636536546925], 
            [-60.9384475513134, 53.8467826029349], 
            [-60.7410643486407, 53.98058373695], 
            [-60.5670095598433, 54.0511805175669], 
            [-60.2355014672189, 54.0579524125738], 
            [-60.0172899659591, 53.9871397946659], 
            [-59.8350873194242, 53.8520706165658], 
            [-59.7872164069116, 53.781455849508], 
            [-59.9457668836347, 53.750501184682], 
            [-59.9445707853134, 53.6916765296482], 
            [-60.0130001997993, 53.64681834599], 
            [-60.0350515763691, 53.6238586541537], 
            [-60.0582450919374, 53.6015824470724], 
            [-60.0345929221256, 53.578856578968], 
            [-60.0355102306126, 53.5338455105619], 
            [-60.0125505387763, 53.5117761475512], 
            [-59.9797882366378, 53.4442640415523], 
            [-59.9670988025676, 53.4904082557365], 
            [-59.9684297991958, 53.5554022600064], 
            [-59.8552321332563, 53.5577135176648], 
            [-59.7764605152405, 53.5561037312023], 
            [-59.6772742867789, 53.558127205806], 
            [-59.6307523573354, 53.5134398933365], 
            [-59.5895544144046, 53.2718999782015], 
            [-59.6640002933788, 52.9665261842361], 
            [-59.8054726444469, 52.7507428525007], 
            [-59.9744732433454, 52.6088747997323], 
            [-60.0951352822674, 52.5467136599075], 
            [-60.1700937748078, 52.5210649951535], 
            [-60.2380555418297, 52.4990046253632], 
            [-60.2490902233351, 52.4875292760553]
          ]
        ]
      }, 
      "properties" : {
        "OBJECTID" : 4, 
        "Id" : 4, 
        "gridcode" : 1, 
        "Unixtime" : 1790650800, 
        "Timestamp" : 1790650800000, 
        "Shape__Area" : 39032370041.546875, 
        "Shape__Length" : 844646.74262250832
      }
    }, 
    {
      "type" : "Feature", 
      "id" : 5, 
      "geometry" : 
      {
        "type" : "Polygon", 
        "coordinates" : 
        [
          [
            [-105.621353342782, 52.104921704773], 
            [-105.677839760497, 52.1384574238711], 
            [-106.145828966833, 52.5783338230476], 
            [-106.504361686942, 52.8728617931373], 
            [-106.918139760342, 53.1930564144221], 
            [-106.785058083963, 53.3893784170804], 
            [-106.517177026099, 53.8406582198011], 
            [-106.300782155372, 54.0658754397998], 
            [-106.155082990687, 54.1409328577653], 
            [-105.876086312333, 54.1466345595374], 
            [-105.65272169575, 54.0836280569893], 
            [-105.463216554201, 53.9916993574395], 
            [-105.275878778783, 53.8528260470845], 
            [-105.122076722463, 53.6622956784029], 
            [-105.00335721916, 53.3878855424839], 
            [-104.996180629233, 53.0365923648458], 
            [-105.088289193192, 52.7527663271044], 
            [-105.250230114029, 52.524491412149], 
            [-105.542806555278, 52.2064281841135], 
            [-105.621353342782, 52.104921704773]
          ]
        ]
      }, 
      "properties" : {
        "OBJECTID" : 5, 
        "Id" : 5, 
        "gridcode" : 2, 
        "Unixtime" : 1790650800, 
        "Timestamp" : 1790650800000, 
        "Shape__Area" : 50589359273.796875, 
        "Shape__Length" : 909984.22062168363
      }
    }, 
    {
      "type" : "Feature", 
      "id" : 6, 
      "geometry" : 
      {
        "type" : "Polygon", 
        "coordinates" : 
        [
          [
            [-113.588501308289, 51.8798663627425], 
            [-113.866994366297, 51.8955865121079], 
            [-114.131961620732, 51.9987657304542], 
            [-114.341485671027, 52.1929023805405], 
            [-114.350460905047, 52.4193426785219], 
            [-114.226129632177, 52.5888468977662], 
            [-113.972826584679, 52.7228818555133], 
            [-113.672012353487, 52.7348068658443], 
            [-113.52469440912, 52.6652802784621], 
            [-113.379966512245, 52.571822731434], 
            [-113.221047313483, 52.3765529355696], 
            [-113.172573855199, 52.1915354110305], 
            [-113.234708015363, 52.053219680344], 
            [-113.381225563109, 51.9408583839074], 
            [-113.486796978098, 51.9131952377701], 
            [-113.577682464074, 51.891548556121], 
            [-113.588501308289, 51.8798663627425]
          ]
        ]
      }, 
      "properties" : {
        "OBJECTID" : 6, 
        "Id" : 6, 
        "gridcode" : 2, 
        "Unixtime" : 1790650800, 
        "Timestamp" : 1790650800000, 
        "Shape__Area" : 15460427191.375, 
        "Shape__Length" : 450733.01230014581
      }
    }, 
    {
      "type" : "Feature", 
      "id" : 7, 
      "geometry" : 
      {
        "type" : "Polygon", 
        "coordinates" : 
        [
          [
            [-90.0021258973922, 50.2144118656152], 
            [-90.4097705944373, 50.227290157315], 
            [-90.684720323584, 50.3357394028512], 
            [-90.9547867340205, 50.5359374835281], 
            [-91.152673557039, 50.8110760703045], 
            [-91.2503848973451, 51.0965658538312], 
            [-91.2582629584687, 51.482500916684], 
            [-91.191515276209, 51.7191665063293], 
            [-91.0347544503575, 51.9956540761748], 
            [-90.7838705791638, 52.2163656927226], 
            [-90.4999546092178, 52.3392040909961], 
            [-90.2123694053237, 52.3759593830192], 
            [-89.9272933099382, 52.320309334808], 
            [-89.7093875781741, 52.2145850350714], 
            [-89.5088027890175, 52.0555669108843], 
            [-89.3407374850468, 51.8076148295608], 
            [-89.2727037722612, 51.6088646573781], 
            [-89.225894059763, 51.3344185485772], 
            [-89.2671729416779, 51.0701167924561], 
            [-89.3330213018915, 50.8671937659796], 
            [-89.378293173691, 50.7738801104788], 
            [-89.5568535659392, 50.5015294220453], 
            [-89.7611615483667, 50.3300197146382], 
            [-89.8724706380095, 50.2726789409804], 
            [-89.9911002091073, 50.2258872149231], 
            [-90.0021258973922, 50.2144118656152]
          ]
        ]
      }, 
      "properties" : {
        "OBJECTID" : 7, 
        "Id" : 7, 
        "gridcode" : 1, 
        "Unixtime" : 1790650800, 
        "Timestamp" : 1790650800000, 
        "Shape__Area" : 67710397889.148438, 
        "Shape__Length" : 976265.14775301761
      }
    }, 
    {
      "type" : "Feature", 
      "id" : 8, 
      "geometry" : 
      {
        "type" : "Polygon", 
        "coordinates" : 
        [
          [
            [-119.147507651357, 50.124389728803], 
            [-119.334881399657, 50.1351815933559], 
            [-119.44560592997, 50.2206441673945], 
            [-119.471857140495, 50.3983052375967], 
            [-119.370485559461, 50.5296422292056], 
            [-119.233329954214, 50.5696350805946], 
            [-119.105464345703, 50.5340309207904], 
            [-119.002662842616, 50.3953734477265], 
            [-119.02987632773, 50.2203204114579], 
            [-119.137705041055, 50.1370881560936], 
            [-119.147507651357, 50.124389728803]
          ]
        ]
      }, 
      "properties" : {
        "OBJECTID" : 8, 
        "Id" : 8, 
        "gridcode" : 2, 
        "Unixtime" : 1790650800, 
        "Timestamp" : 1790650800000, 
        "Shape__Area" : 3100578904.734375, 
        "Shape__Length" : 208015.36739274295
      }
    }, 
    {
      "type" : "Feature", 
      "id" : 9, 
      "geometry" : 
      {
        "type" : "Polygon", 
        "coordinates" : 
        [
          [
            [-67.2709877658726, 49.3591835794587], 
            [-67.3018974645963, 49.3878179934057], 
            [-67.4110481813285, 49.6379464340807], 
            [-67.480251012774, 49.9422320483704], 
            [-67.4897028874782, 50.1806513160055], 
            [-67.4511039852607, 50.5032111542714], 
            [-67.3855164284404, 50.7103609943645], 
            [-67.2898825220607, 50.9376196754078], 
            [-67.0594222545333, 51.3731433558813], 
            [-67.0535227019111, 51.5219361884045], 
            [-67.0974725703028, 51.6150609862756], 
            [-67.2216869313067, 51.7491139304636], 
            [-67.4899636908715, 51.9976955372193], 
            [-67.6576602728033, 52.2163836791635], 
            [-67.7917312034322, 52.4697406859839], 
            [-67.8430285329404, 52.6655051089737], 
            [-67.8532987907066, 52.9246987158731], 
            [-67.8100953596131, 53.1509681426658], 
            [-67.7235895720011, 53.3342679620969], 
            [-67.5811909192255, 53.5284136054037], 
            [-67.4071001575462, 53.6619179631436], 
            [-67.281338962623, 53.7284588013327], 
            [-67.1347944352149, 53.7798280766045], 
            [-66.8861588691365, 53.8122486363655], 
            [-66.6367858589801, 53.77251658837], 
            [-66.3577172348624, 53.6408198679426], 
            [-66.1793367070234, 53.4755334690944], 
            [-66.0723623496427, 53.3200766602098], 
            [-65.9848583145595, 53.1195638168168], 
            [-65.9323019341869, 52.8683651829069], 
            [-65.9617996972981, 52.548224520945], 
            [-66.0533686680295, 52.2589755712657], 
            [-66.2680638200891, 51.8025696328823], 
            [-66.2739453862705, 51.6543703529095], 
            [-66.2291681415964, 51.5595098634895], 
            [-66.143085035346, 51.4666009029094], 
            [-65.8076289189394, 51.1824421160109], 
            [-65.5865665667936, 50.9275562617122], 
            [-65.399021947305, 50.5731334433538], 
            [-65.3378140888491, 50.2805659953245], 
            [-65.6074488247035, 50.2336213845194], 
            [-65.8196618479159, 50.2252037301681], 
            [-65.9431297716216, 50.2575613373859], 
            [-66.0517588815671, 50.1742571362579], 
            [-66.2474603520135, 50.1820092922951], 
            [-66.2451580875756, 50.1239760406618], 
            [-66.3149095054692, 50.0910608537754], 
            [-66.3932494489029, 50.0496021074514], 
            [-66.5550374849919, 50.1352085730173], 
            [-66.6553478660111, 50.0897658300291], 
            [-66.7246766025431, 50.0149422357956], 
            [-66.8937941133076, 49.9746616013519], 
            [-66.972988412685, 49.8068481075542], 
            [-67.122284865554, 49.7712889138524], 
            [-67.1470791743644, 49.6156342541176], 
            [-67.1935381512646, 49.5725927009925], 
            [-67.1892573783253, 49.4645481503769], 
            [-67.2142945040881, 49.4375235228924], 
            [-67.2594224843601, 49.3957050477498], 
            [-67.2709877658726, 49.3591835794587]
          ]
        ]
      }, 
      "properties" : {
        "OBJECTID" : 9, 
        "Id" : 9, 
        "gridcode" : 1, 
        "Unixtime" : 1790650800, 
        "Timestamp" : 1790650800000, 
        "Shape__Area" : 119377612628.94531, 
        "Shape__Length" : 1930609.8365138557
      }
    }, 
    {
      "type" : "Feature", 
      "id" : 10, 
      "geometry" : 
      {
        "type" : "Polygon", 
        "coordinates" : 
        [
          [
            [-122.883516261266, 49.2016403434272], 
            [-122.938536784045, 49.2173694860131], 
            [-122.898921647916, 49.2555187272076], 
            [-122.883516261266, 49.2016403434272]
          ]
        ]
      }, 
      "properties" : {
        "OBJECTID" : 10, 
        "Id" : 10, 
        "gridcode" : 2, 
        "Unixtime" : 1790650800, 
        "Timestamp" : 1790650800000, 
        "Shape__Area" : 25827970.5078125, 
        "Shape__Length" : 23886.739742361126
      }
    }, 
    {
      "type" : "Feature", 
      "id" : 11, 
      "geometry" : 
      {
        "type" : "Polygon", 
        "coordinates" : 
        [
          [
            [-99.9948259004948, 48.9090639021774], 
            [-100.459361710175, 48.9228505091438], 
            [-100.708303045749, 49.0436204667113], 
            [-100.792218785868, 49.2065236621374], 
            [-100.838578837343, 49.4328830211346], 
            [-100.813208962424, 49.8273256705434], 
            [-100.751344598874, 50.0179639578704], 
            [-100.599458098512, 50.2858719953963], 
            [-100.387784668528, 50.46356004526], 
            [-100.166551445193, 50.5592838838443], 
            [-99.9207667300005, 50.5952028063645], 
            [-99.6875815166736, 50.5496791243922], 
            [-99.4942902293106, 50.4559068146478], 
            [-99.2942180537202, 50.2636767272992], 
            [-99.1795275131841, 50.0410405615727], 
            [-99.1384554753399, 49.7600114153946], 
            [-99.2064352288027, 49.4811676217884], 
            [-99.3163413760536, 49.2960241921628], 
            [-99.4509788795716, 49.1558918309433], 
            [-99.6601611874888, 49.0140957239386], 
            [-99.8089899928938, 48.9631581232489], 
            [-99.98380021221, 48.9205392514854], 
            [-99.9948259004948, 48.9090639021774]
          ]
        ]
      }, 
      "properties" : {
        "OBJECTID" : 11, 
        "Id" : 11, 
        "gridcode" : 1, 
        "Unixtime" : 1790650800, 
        "Timestamp" : 1790650800000, 
        "Shape__Area" : 43273563575.175781, 
        "Shape__Length" : 772230.75815278583
      }
    }, 
    {
      "type" : "Feature", 
      "id" : 12, 
      "geometry" : 
      {
        "type" : "Polygon", 
        "coordinates" : 
        [
          [
            [-115.20894473701, 47.0185450697992], 
            [-115.467014191352, 47.0315852394673], 
            [-115.641374749645, 47.1931394518243], 
            [-115.69125115032, 47.3354391791748], 
            [-115.726000954181, 47.6354440205252], 
            [-115.678453797605, 47.8350575418721], 
            [-115.512043246199, 47.9231191566238], 
            [-115.265386188622, 47.9953257237033], 
            [-115.075224541979, 48.0028620424494], 
            [-114.978610374569, 47.9572664147133], 
            [-114.887419119097, 47.8727751084846], 
            [-114.815518321513, 47.6977220722159], 
            [-114.844818233774, 47.4632418351426], 
            [-115.008368941074, 47.1727068549375], 
            [-115.107231413599, 47.0968940064533], 
            [-115.198116899575, 47.0302272631777], 
            [-115.20894473701, 47.0185450697992]
          ]
        ]
      }, 
      "properties" : {
        "OBJECTID" : 12, 
        "Id" : 12, 
        "gridcode" : 2, 
        "Unixtime" : 1790650800, 
        "Timestamp" : 1790650800000, 
        "Shape__Area" : 12809243358.015625, 
        "Shape__Length" : 427559.18272806553
      }
    }, 
    {
      "type" : "Feature", 
      "id" : 13, 
      "geometry" : 
      {
        "type" : "Polygon", 
        "coordinates" : 
        [
          [
            [-116.919401309323, 46.568425392518], 
            [-117.062429487531, 46.5951262640659], 
            [-117.116901423862, 46.9532363028132], 
            [-116.943224350323, 47.1523641902552], 
            [-116.84479355238, 47.4084281564343], 
            [-116.582236481029, 47.5918179080701], 
            [-116.506153835931, 47.5636331551461], 
            [-116.189394624862, 47.1101500134125], 
            [-116.182164075612, 46.988912408381], 
            [-116.305964748474, 46.9216431193346], 
            [-116.401760532822, 46.915932424342], 
            [-116.665648600802, 46.9316615669279], 
            [-116.706226011521, 46.8954009020301], 
            [-116.849137277863, 46.6335992611971], 
            [-116.908780315959, 46.5803144299671], 
            [-116.919401309323, 46.568425392518]
          ]
        ]
      }, 
      "properties" : {
        "OBJECTID" : 13, 
        "Id" : 13, 
        "gridcode" : 2, 
        "Unixtime" : 1790650800, 
        "Timestamp" : 1790650800000, 
        "Shape__Area" : 8917212757.078125, 
        "Shape__Length" : 434050.561412455
      }
    }, 
    {
      "type" : "Feature", 
      "id" : 14, 
      "geometry" : 
      {
        "type" : "Polygon", 
        "coordinates" : 
        [
          [
            [-109.672448424755, 45.9607624792051], 
            [-109.860325793401, 45.9767973912867], 
            [-110.055955318083, 46.1187733627006], 
            [-110.26922054809, 46.3694683762646], 
            [-110.365690823972, 46.5075772628805], 
            [-110.442573865691, 46.6490676003895], 
            [-110.493286635869, 46.8384018707498], 
            [-110.463770886317, 47.1365271290239], 
            [-110.371131722351, 47.4365319703742], 
            [-110.273977961714, 47.5892908131206], 
            [-110.056818667248, 47.6848707601776], 
            [-109.65010027191, 47.7612861544326], 
            [-109.249542232588, 47.8145529992216], 
            [-109.04171790096, 47.826936663796], 
            [-108.884237617472, 47.7783103207648], 
            [-108.746749263068, 47.6908692382248], 
            [-108.557918613054, 47.468889577592], 
            [-108.403406092317, 47.2189499945467], 
            [-108.39174188538, 47.0232485241002], 
            [-108.522242507486, 46.8180592060676], 
            [-108.826096447193, 46.5481456803789], 
            [-109.137441739545, 46.2927022464116], 
            [-109.423525075622, 46.0820990096616], 
            [-109.535742480531, 46.0211159817173], 
            [-109.661827431391, 45.9726515166542], 
            [-109.672448424755, 45.9607624792051]
          ]
        ]
      }, 
      "properties" : {
        "OBJECTID" : 14, 
        "Id" : 14, 
        "gridcode" : 2, 
        "Unixtime" : 1790650800, 
        "Timestamp" : 1790650800000, 
        "Shape__Area" : 50681752806.546875, 
        "Shape__Length" : 836384.27820783306
      }
    }, 
    {
      "type" : "Feature", 
      "id" : 15, 
      "geometry" : 
      {
        "type" : "Polygon", 
        "coordinates" : 
        [
          [
            [-63.0398394170554, 46.0957956844234], 
            [-63.09653267884, 46.1291335526714], 
            [-63.1186110350711, 46.1529565936719], 
            [-63.1815995511783, 46.0849768402091], 
            [-63.3441070449041, 46.1291335526714], 
            [-63.5007869317714, 46.1749989770212], 
            [-63.6745449442937, 46.1987500722581], 
            [-63.7708623354284, 46.2650211138334], 
            [-63.8392377905915, 46.3091778262958], 
            [-63.8608844722405, 46.355052243866], 
            [-64.175179540903, 46.3801613153925], 
            [-64.1768612731292, 46.4225103905422], 
            [-64.1329923437216, 46.5054098967494], 
            [-64.1303213572448, 46.5728590502051], 
            [-64.4452999106623, 46.6063767828623], 
            [-64.4496436361449, 46.7159142080743], 
            [-64.3317964752271, 46.8251008976883], 
            [-64.2081486871122, 46.9585512961055], 
            [-64.1467609642471, 46.9875274524301], 
            [-63.9878237790441, 47.0968940064533], 
            [-63.9483255547805, 47.0496436261525], 
            [-63.9517879446578, 46.9622834825967], 
            [-63.9483885073237, 46.8765960780466], 
            [-63.9959176774588, 46.7867627988642], 
            [-63.8430689025078, 46.6721801769737], 
            [-63.68169455456, 46.6017542675455], 
            [-63.5102477996961, 46.5609160534332], 
            [-63.4341291817163, 46.5342421615466], 
            [-63.2982326273339, 46.5125954798976], 
            [-63.2078687481442, 46.4504163536319], 
            [-63.0082012674745, 46.442493326406], 
            [-62.7805918508332, 46.4667210623272], 
            [-62.5220907219092, 46.5117321307333], 
            [-61.9262179206205, 46.4873605032847], 
            [-61.9633779075643, 46.4133103260108], 
            [-62.1504189067071, 46.331687857109], 
            [-62.301801786723, 46.2956250430614], 
            [-62.3538365603089, 46.2200100454273], 
            [-62.3863380590541, 46.1511399631389], 
            [-62.4222839612357, 46.1525608919717], 
            [-62.4200356561206, 46.0957956844234], 
            [-62.4218163137718, 46.0507846160173], 
            [-62.4190553950904, 45.9811411167692], 
            [-62.5542234986155, 45.9337648313819], 
            [-62.7731724439531, 45.9250863736373], 
            [-62.8717651198643, 45.9562928486362], 
            [-62.960645117678, 46.0174557409898], 
            [-63.0949408788184, 46.0430954125234], 
            [-63.0506672544901, 46.0841134910448], 
            [-63.0398394170554, 46.0957956844234]
          ], 
          [
            [-62.9896212740025, 46.1066055354172], 
            [-63.0108003081876, 46.1487837393781], 
            [-63.0398394170554, 46.0957956844234], 
            [-62.9896212740025, 46.1066055354172]
          ]
        ]
      }, 
      "properties" : {
        "OBJECTID" : 15, 
        "Id" : 15, 
        "gridcode" : 1, 
        "Unixtime" : 1790650800, 
        "Timestamp" : 1790650800000, 
        "Shape__Area" : 17274665559.972656, 
        "Shape__Length" : 848714.19933822076
      }
    }, 
    {
      "type" : "Feature", 
      "id" : 16, 
      "geometry" : 
      {
        "type" : "Polygon", 
        "coordinates" : 
        [
          [
            [-117.70711748948, 45.870740342393], 
            [-117.930212309451, 45.8901836850291], 
            [-118.09884418631, 46.0846171113907], 
            [-118.266127080101, 46.3277128536653], 
            [-118.325608240228, 46.4401101229839], 
            [-118.29422190082, 46.5778233078995], 
            [-118.157237166762, 46.5832462198372], 
            [-117.866648227234, 46.5717348976475], 
            [-117.545680188989, 46.8040028024874], 
            [-117.495551978141, 46.8059903042093], 
            [-117.429505767077, 46.7448004321943], 
            [-117.336192111577, 46.5176226901351], 
            [-117.371364596799, 46.1058231252371], 
            [-117.421070126285, 46.0005035204212], 
            [-117.466333004864, 45.9516523468784], 
            [-117.595088942201, 45.9065243666063], 
            [-117.696289652046, 45.8824225357715], 
            [-117.70711748948, 45.870740342393]
          ]
        ]
      }, 
      "properties" : {
        "OBJECTID" : 16, 
        "Id" : 16, 
        "gridcode" : 2, 
        "Unixtime" : 1790650800, 
        "Timestamp" : 1790650800000, 
        "Shape__Area" : 11028078874.007813, 
        "Shape__Length" : 426145.10349212459
      }
    }, 
    {
      "type" : "Feature", 
      "id" : 17, 
      "geometry" : 
      {
        "type" : "Polygon", 
        "coordinates" : 
        [
          [
            [-62.6347308081802, 45.7807182055808], 
            [-62.6150446485916, 45.8574213828906], 
            [-62.4679965008378, 45.8364132198943], 
            [-62.5033128775872, 45.7903139718125], 
            [-62.6347308081802, 45.7807182055808]
          ]
        ]
      }, 
      "properties" : {
        "OBJECTID" : 17, 
        "Id" : 17, 
        "gridcode" : 1, 
        "Unixtime" : 1790650800, 
        "Timestamp" : 1790650800000, 
        "Shape__Area" : 154799387.72265625, 
        "Shape__Length" : 52212.124598305687
      }
    }, 
    {
      "type" : "Feature", 
      "id" : 18, 
      "geometry" : 
      {
        "type" : "Polygon", 
        "coordinates" : 
        [
          [
            [-81.134729584103, 45.6906870755482], 
            [-81.4561922494727, 45.7016767909512], 
            [-81.6354271332555, 45.7504650119508], 
            [-81.7878712132858, 45.818489731516], 
            [-81.8846202790026, 46.225235106515], 
            [-81.9064558182813, 46.4969562695163], 
            [-81.8512104649909, 46.7401329507751], 
            [-81.7589040501817, 46.946986014593], 
            [-81.590757807227, 47.164343159909], 
            [-81.414292835346, 47.289456842959], 
            [-81.2114237681923, 47.379514952653], 
            [-81.0378276336383, 47.4173764107928], 
            [-80.596197556472, 47.452863658731], 
            [-80.4274757474078, 47.1893353195694], 
            [-80.3456104615535, 46.9160223565466], 
            [-80.3224798985285, 46.6281673560387], 
            [-80.3653415872444, 46.3469133793491], 
            [-80.4448596425584, 46.1687127159192], 
            [-80.5516361490889, 46.0447771447495], 
            [-80.7927264032009, 45.8453524810323], 
            [-81.0101105281782, 45.7461212864683], 
            [-81.1243154348094, 45.7027829570679], 
            [-81.134729584103, 45.6906870755482]
          ]
        ]
      }, 
      "properties" : {
        "OBJECTID" : 18, 
        "Id" : 18, 
        "gridcode" : 2, 
        "Unixtime" : 1790650800, 
        "Timestamp" : 1790650800000, 
        "Shape__Area" : 39462654887.710938, 
        "Shape__Length" : 753707.41940115613
      }
    }, 
    {
      "type" : "Feature", 
      "id" : 19, 
      "geometry" : 
      {
        "type" : "Polygon", 
        "coordinates" : 
        [
          [
            [-74.2253642091908, 44.7679376901723], 
            [-74.3696784179246, 44.7826595920666], 
            [-74.4282962288878, 44.8877183934891], 
            [-74.4811134126538, 45.031564954759], 
            [-74.5089834028617, 45.2630954155211], 
            [-74.4733612566166, 45.3814282103437], 
            [-74.3600196991497, 45.4230488346361], 
            [-74.2019638495519, 45.3525239997829], 
            [-74.0428917660421, 45.16021297345], 
            [-73.9898857246464, 45.0158807782754], 
            [-74.0344741116908, 44.8928625155927], 
            [-74.1573754625075, 44.805718209328], 
            [-74.2149500598973, 44.7800335716921], 
            [-74.2253642091908, 44.7679376901723]
          ]
        ]
      }, 
      "properties" : {
        "OBJECTID" : 19, 
        "Id" : 19, 
        "gridcode" : 2, 
        "Unixtime" : 1790650800, 
        "Timestamp" : 1790650800000, 
        "Shape__Area" : 4190764825.2265625, 
        "Shape__Length" : 256078.32670187115
      }
    }, 
    {
      "type" : "Feature", 
      "id" : 20, 
      "geometry" : 
      {
        "type" : "Polygon", 
        "coordinates" : 
        [
          [
            [-66.7308369585587, 44.5428823481419], 
            [-66.7891669864672, 44.5520734194528], 
            [-66.8539991127688, 44.579304891008], 
            [-66.9384724325566, 44.5603651687176], 
            [-66.9526457480028, 44.6235785153363], 
            [-66.8582708924876, 44.7972376024335], 
            [-66.7576187690909, 44.8395147318195], 
            [-66.6792968120981, 44.7384669067225], 
            [-66.6317406623016, 44.6252332679011], 
            [-66.712454815937, 44.5695112739262], 
            [-66.7308369585587, 44.5428823481419]
          ]
        ]
      }, 
      "properties" : {
        "OBJECTID" : 20, 
        "Id" : 20, 
        "gridcode" : 1, 
        "Unixtime" : 1790650800, 
        "Timestamp" : 1790650800000, 
        "Shape__Area" : 1046768806.1679688, 
        "Shape__Length" : 130816.75088607866
      }
    }, 
    {
      "type" : "Feature", 
      "id" : 21, 
      "geometry" : 
      {
        "type" : "Polygon", 
        "coordinates" : 
        [
          [
            [-103.100670559499, 43.8451883047965], 
            [-103.352049057818, 43.8593796066836], 
            [-103.399362390662, 43.9943588525791], 
            [-103.25645112432, 44.148592583481], 
            [-103.074095593037, 44.1163608813497], 
            [-102.999820585252, 43.9759857031777], 
            [-103.046117684184, 43.8973849563507], 
            [-103.089842722064, 43.856870498175], 
            [-103.100670559499, 43.8451883047965]
          ]
        ]
      }, 
      "properties" : {
        "OBJECTID" : 21, 
        "Id" : 21, 
        "gridcode" : 2, 
        "Unixtime" : 1790650800, 
        "Timestamp" : 1790650800000, 
        "Shape__Area" : 1521085209.1484375, 
        "Shape__Length" : 145754.61424123714
      }
    }, 
    {
      "type" : "Feature", 
      "id" : 22, 
      "geometry" : 
      {
        "type" : "Polygon", 
        "coordinates" : 
        [
          [
            [-68.8239011021541, 43.7551661679843], 
            [-68.8826358249833, 43.7639525443745], 
            [-68.9002085777636, 43.7913908600003], 
            [-68.9452196461697, 43.820214131577], 
            [-68.916261476286, 43.9210910854853], 
            [-68.8126505833577, 43.8919710376334], 
            [-68.7088148599178, 43.921145044808], 
            [-68.6937961817483, 43.8677073288303], 
            [-68.7451294841383, 43.8532822032112], 
            [-68.7812102846269, 43.8634175626705], 
            [-68.8151237189844, 43.8139008908135], 
            [-68.8239011021541, 43.7551661679843]
          ]
        ]
      }, 
      "properties" : {
        "OBJECTID" : 22, 
        "Id" : 22, 
        "gridcode" : 1, 
        "Unixtime" : 1790650800, 
        "Timestamp" : 1790650800000, 
        "Shape__Area" : 372669349.6171875, 
        "Shape__Length" : 95229.682972250972
      }
    }, 
    {
      "type" : "Feature", 
      "id" : 23, 
      "geometry" : 
      {
        "type" : "Polygon", 
        "coordinates" : 
        [
          [
            [-122.928527329672, 43.5076007951407], 
            [-123.140596461358, 43.5208927749817], 
            [-123.299245863506, 43.6626439158841], 
            [-123.261906012153, 43.8066343686813], 
            [-123.088570680992, 43.9008203665667], 
            [-122.932826089053, 43.8691372508835], 
            [-122.850843891332, 43.7958874702306], 
            [-122.842147447147, 43.6499814614753], 
            [-122.871627223817, 43.5857428877242], 
            [-122.928527329672, 43.5076007951407]
          ]
        ]
      }, 
      "properties" : {
        "OBJECTID" : 23, 
        "Id" : 23, 
        "gridcode" : 2, 
        "Unixtime" : 1790650800, 
        "Timestamp" : 1790650800000, 
        "Shape__Area" : 2322926947.40625, 
        "Shape__Length" : 177488.76289031797
      }
    }, 
    {
      "type" : "Feature", 
      "id" : 24, 
      "geometry" : 
      {
        "type" : "Polygon", 
        "coordinates" : 
        [
          [
            [-65.9431297716216, 43.5076007951407], 
            [-66.0407152068412, 43.5165490494991], 
            [-65.9999219588313, 43.5474497550023], 
            [-65.9506840768086, 43.5225475275465], 
            [-65.9431297716216, 43.5076007951407]
          ]
        ]
      }, 
      "properties" : {
        "OBJECTID" : 24, 
        "Id" : 24, 
        "gridcode" : 1, 
        "Unixtime" : 1790650800, 
        "Timestamp" : 1790650800000, 
        "Shape__Area" : 33569857.31640625, 
        "Shape__Length" : 26644.044008892823
      }
    }, 
    {
      "type" : "Feature", 
      "id" : 25, 
      "geometry" : 
      {
        "type" : "Polygon", 
        "coordinates" : 
        [
          [
            [-116.356749464416, 43.4850907643274], 
            [-116.422642790732, 43.496287323801], 
            [-116.591616409969, 43.8511598031824], 
            [-116.554456423025, 43.9492128858661], 
            [-116.449478560587, 44.0125341511302], 
            [-116.32793518606, 43.9508046858877], 
            [-116.256924717302, 43.8330834300563], 
            [-116.286818182113, 43.660593461619], 
            [-116.356749464416, 43.4850907643274]
          ]
        ]
      }, 
      "properties" : {
        "OBJECTID" : 25, 
        "Id" : 25, 
        "gridcode" : 2, 
        "Unixtime" : 1790650800, 
        "Timestamp" : 1790650800000, 
        "Shape__Area" : 1896042217.1328125, 
        "Shape__Length" : 187496.187353467
      }
    }, 
    {
      "type" : "Feature", 
      "id" : 26, 
      "geometry" : 
      {
        "type" : "Polygon", 
        "coordinates" : 
        [
          [
            [-88.2466582566731, 42.8099157450157], 
            [-88.4269993065727, 42.825303145224], 
            [-88.500608816044, 42.9607680250244], 
            [-88.4234200048293, 43.128950240861], 
            [-88.269608955289, 43.2481463848479], 
            [-88.1348725263459, 43.2123084013118], 
            [-88.0784940272775, 43.0551788534214], 
            [-88.133721394127, 42.9132208684484], 
            [-88.236037263309, 42.8217957892443], 
            [-88.2466582566731, 42.8099157450157]
          ]
        ]
      }, 
      "properties" : {
        "OBJECTID" : 26, 
        "Id" : 26, 
        "gridcode" : 2, 
        "Unixtime" : 1790650800, 
        "Timestamp" : 1790650800000, 
        "Shape__Area" : 2172536185.7070313, 
        "Shape__Length" : 177692.25677773036
      }
    }, 
    {
      "type" : "Feature", 
      "id" : 27, 
      "geometry" : 
      {
        "type" : "Polygon", 
        "coordinates" : 
        [
          [
            [-85.5234211689517, 42.6298624781709], 
            [-85.6982853475907, 42.6444764614196], 
            [-85.7588996534961, 42.8095380297564], 
            [-85.7338265548516, 42.9328620619347], 
            [-85.5012618737364, 42.9016016276131], 
            [-85.4004748520327, 42.7728906563788], 
            [-85.4292081914048, 42.7141469403291], 
            [-85.5129980264377, 42.6419493664702], 
            [-85.5234211689517, 42.6298624781709]
          ]
        ]
      }, 
      "properties" : {
        "OBJECTID" : 27, 
        "Id" : 27, 
        "gridcode" : 2, 
        "Unixtime" : 1790650800, 
        "Timestamp" : 1790650800000, 
        "Shape__Area" : 1338080352.140625, 
        "Shape__Length" : 139287.92753691666
      }
    }, 
    {
      "type" : "Feature", 
      "id" : 28, 
      "geometry" : 
      {
        "type" : "Polygon", 
        "coordinates" : 
        [
          [
            [-78.4790135956009, 42.2697649377018], 
            [-78.6666391540737, 42.2893161989835], 
            [-79.0381221116461, 42.4040247259604], 
            [-79.1864203170439, 42.5365308362292], 
            [-79.1930663069645, 42.648055763163], 
            [-79.1280363298127, 42.8172182400298], 
            [-78.9400780221829, 43.1127534508112], 
            [-78.7395292059081, 43.3372062470708], 
            [-78.5748723324921, 43.4056896208794], 
            [-78.4091632522822, 43.3500305794478], 
            [-78.3153909425379, 43.2157977708505], 
            [-78.2484004433257, 43.0290715344238], 
            [-78.1983171985798, 42.747286957727], 
            [-78.2260163175989, 42.4612575809726], 
            [-78.329564257984, 42.3453709421154], 
            [-78.4683926022367, 42.2816539751509], 
            [-78.4790135956009, 42.2697649377018]
          ]
        ]
      }, 
      "properties" : {
        "OBJECTID" : 28, 
        "Id" : 28, 
        "gridcode" : 2, 
        "Unixtime" : 1790650800, 
        "Timestamp" : 1790650800000, 
        "Shape__Area" : 13661411873.015625, 
        "Shape__Length" : 447578.27183233312
      }
    }, 
    {
      "type" : "Feature", 
      "id" : 29, 
      "geometry" : 
      {
        "type" : "Polygon", 
        "coordinates" : 
        [
          [
            [-96.7764580670861, 41.6846030619818], 
            [-97.15870590955, 41.6984706079323], 
            [-97.3702174615665, 41.8240339520054], 
            [-97.417656699497, 41.9626284725261], 
            [-97.3179938303509, 42.1215296848471], 
            [-96.691804882889, 42.5475205516323], 
            [-96.2621717618173, 42.8833813629596], 
            [-96.1160589089914, 42.9333926619419], 
            [-95.9399536659289, 42.9369899501262], 
            [-95.8384741662497, 42.8877520681036], 
            [-95.7526608566132, 42.7984314024873], 
            [-95.708818906867, 42.7563161510696], 
            [-95.6186528785275, 42.5340307209411], 
            [-95.615424312382, 42.3757950069341], 
            [-95.6604353807882, 42.283020944661], 
            [-95.8074025895578, 42.1643823803427], 
            [-96.6264511498007, 41.7424474559854], 
            [-96.6974616185588, 41.71813878108], 
            [-96.7654323788012, 41.6960874045102], 
            [-96.7764580670861, 41.6846030619818]
          ]
        ]
      }, 
      "properties" : {
        "OBJECTID" : 29, 
        "Id" : 29, 
        "gridcode" : 2, 
        "Unixtime" : 1790650800, 
        "Timestamp" : 1790650800000, 
        "Shape__Area" : 21496705821.242188, 
        "Shape__Length" : 588660.24311405583
      }
    }, 
    {
      "type" : "Feature", 
      "id" : 30, 
      "geometry" : 
      {
        "type" : "Polygon", 
        "coordinates" : 
        [
          [
            [-88.0441039522356, 41.662102024389], 
            [-88.2114497985693, 41.6732086516581], 
            [-88.1731746522883, 41.895970722471], 
            [-88.0657776135459, 41.9118437565842], 
            [-87.9892812803068, 41.785030354867], 
            [-88.0088954941317, 41.6944146655045], 
            [-88.0342923487129, 41.6748004516796], 
            [-88.0441039522356, 41.662102024389]
          ]
        ]
      }, 
      "properties" : {
        "OBJECTID" : 30, 
        "Id" : 30, 
        "gridcode" : 2, 
        "Unixtime" : 1790650800, 
        "Timestamp" : 1790650800000, 
        "Shape__Area" : 695084401.7578125, 
        "Shape__Length" : 105141.34236769401
      }
    }, 
    {
      "type" : "Feature", 
      "id" : 31, 
      "geometry" : 
      {
        "type" : "Polygon", 
        "coordinates" : 
        [
          [
            [-86.7387469955774, 41.5270688191707], 
            [-86.9159584047565, 41.5421954159858], 
            [-86.9958991414322, 41.6566341463488], 
            [-87.002805934746, 41.7724668258834], 
            [-86.9563469578458, 41.8736855221692], 
            [-86.826475861172, 41.9202883905969], 
            [-86.685201360954, 41.8653308203612], 
            [-86.6715226726332, 41.6358058477617], 
            [-86.7387469955774, 41.5270688191707]
          ]
        ]
      }, 
      "properties" : {
        "OBJECTID" : 31, 
        "Id" : 31, 
        "gridcode" : 2, 
        "Unixtime" : 1790650800, 
        "Timestamp" : 1790650800000, 
        "Shape__Area" : 1734101137.0898438, 
        "Shape__Length" : 158250.50043478113
      }
    }, 
    {
      "type" : "Feature", 
      "id" : 32, 
      "geometry" : 
      {
        "type" : "Polygon", 
        "coordinates" : 
        [
          [
            [-83.4078469945431, 41.4820487575442], 
            [-83.5072670467368, 41.4942075916072], 
            [-83.5977028716901, 41.6161826407164], 
            [-83.5743834510354, 41.7394257339106], 
            [-83.3768563568353, 41.5608833281032], 
            [-83.4078469945431, 41.4820487575442]
          ]
        ]
      }, 
      "properties" : {
        "OBJECTID" : 32, 
        "Id" : 32, 
        "gridcode" : 2, 
        "Unixtime" : 1790650800, 
        "Timestamp" : 1790650800000, 
        "Shape__Area" : 486065596.953125, 
        "Shape__Length" : 97245.091369155984
      }
    }, 
    {
      "type" : "Feature", 
      "id" : 33, 
      "geometry" : 
      {
        "type" : "Polygon", 
        "coordinates" : 
        [
          [
            [-87.571474244141, 41.3695255831393], 
            [-87.6915247440716, 41.3845352680883], 
            [-87.7076945544601, 41.5145412630689], 
            [-87.6403802993113, 41.6253737120273], 
            [-87.570206200056, 41.6340971358742], 
            [-87.523909101124, 41.597027081135], 
            [-87.5080180805699, 41.469260398049], 
            [-87.571474244141, 41.3695255831393]
          ]
        ]
      }, 
      "properties" : {
        "OBJECTID" : 33, 
        "Id" : 33, 
        "gridcode" : 2, 
        "Unixtime" : 1790650800, 
        "Timestamp" : 1790650800000, 
        "Shape__Area" : 668169622.6015625, 
        "Shape__Length" : 102011.16931358905
      }
    }, 
    {
      "type" : "Feature", 
      "id" : 34, 
      "geometry" : 
      {
        "type" : "Polygon", 
        "coordinates" : 
        [
          [
            [-69.9492047919675, 41.2119823471077], 
            [-70.1990004834855, 41.2260837167902], 
            [-70.3651412382775, 41.3333638436665], 
            [-70.2989781153477, 41.3713242272314], 
            [-70.190052229127, 41.3136866772984], 
            [-70.0725288241459, 41.3578523829812], 
            [-70.0752088038432, 41.4253554957596], 
            [-69.9856992805973, 41.3846971460565], 
            [-69.9273332798069, 41.2743952971053], 
            [-69.9492047919675, 41.2119823471077]
          ]
        ]
      }, 
      "properties" : {
        "OBJECTID" : 34, 
        "Id" : 34, 
        "gridcode" : 1, 
        "Unixtime" : 1790650800, 
        "Timestamp" : 1790650800000, 
        "Shape__Area" : 791929047.421875, 
        "Shape__Length" : 139824.503810915
      }
    }, 
    {
      "type" : "Feature", 
      "id" : 35, 
      "geometry" : 
      {
        "type" : "Polygon", 
        "coordinates" : 
        [
          [
            [-95.8086976133042, 41.1444612478884], 
            [-95.9524632355898, 41.1557207599052], 
            [-96.0435645588573, 41.2785861378401], 
            [-96.0116296330011, 41.3740671594719], 
            [-95.8462533019483, 41.3985107326843], 
            [-95.7313739037826, 41.3098375789412], 
            [-95.758416517708, 41.1884021230596], 
            [-95.7988950030019, 41.1571596751789], 
            [-95.8086976133042, 41.1444612478884]
          ]
        ]
      }, 
      "properties" : {
        "OBJECTID" : 35, 
        "Id" : 35, 
        "gridcode" : 2, 
        "Unixtime" : 1790650800, 
        "Timestamp" : 1790650800000, 
        "Shape__Area" : 963237592.328125, 
        "Shape__Length" : 115465.14753947927
      }
    }, 
    {
      "type" : "Feature", 
      "id" : 36, 
      "geometry" : 
      {
        "type" : "Polygon", 
        "coordinates" : 
        [
          [
            [-71.5246371522827, 41.1219512170751], 
            [-71.6461535471484, 41.1325002646756], 
            [-71.6121142077045, 41.2659776427541], 
            [-71.5318317286513, 41.2402030729136], 
            [-71.5104008842933, 41.1551272073548], 
            [-71.5246371522827, 41.1219512170751]
          ]
        ]
      }, 
      "properties" : {
        "OBJECTID" : 36, 
        "Id" : 36, 
        "gridcode" : 1, 
        "Unixtime" : 1790650800, 
        "Timestamp" : 1790650800000, 
        "Shape__Area" : 228968524.27734375, 
        "Shape__Length" : 61406.514683192785
      }
    }, 
    {
      "type" : "Feature", 
      "id" : 37, 
      "geometry" : 
      {
        "type" : "Polygon", 
        "coordinates" : 
        [
          [
            [-90.924875282768, 40.7843637074192], 
            [-91.1102975022279, 40.79804239574], 
            [-91.3150011863556, 40.9481932045528], 
            [-91.4078831672743, 41.0998908472849], 
            [-91.4123797775047, 41.2131874386495], 
            [-91.3244800407213, 41.4220549838505], 
            [-91.0715996745852, 41.8350596402902], 
            [-91.1441659704831, 41.8979852038541], 
            [-91.4339185405082, 41.8621382270976], 
            [-91.6636053910759, 41.7537429408841], 
            [-91.9966962905013, 41.4487198825166], 
            [-92.2194763477552, 41.479800452429], 
            [-92.3748162447738, 41.5801108334483], 
            [-92.4211043504854, 41.7121852691349], 
            [-92.3620908378218, 41.8529201761253], 
            [-92.0100152500037, 42.2512119238913], 
            [-91.8584525055786, 42.4606370487609], 
            [-91.6871946083444, 42.7035529266263], 
            [-91.5508034268366, 42.7757235208239], 
            [-91.3715685430537, 42.6248442611538], 
            [-91.1290034007862, 42.2815100836235], 
            [-91.0397187080519, 42.1127792813388], 
            [-91.0499439997158, 41.8547368066584], 
            [-90.990867534509, 41.8234763723368], 
            [-90.8524798580589, 41.9187145770162], 
            [-90.6738924861493, 41.9655063030735], 
            [-90.4336475947606, 41.9341379501064], 
            [-90.2457342532332, 41.7600292019862], 
            [-90.1713513268022, 41.5478071855533], 
            [-90.2076659510228, 41.3046484907354], 
            [-90.3437783426963, 41.0938743827966], 
            [-90.4778582665457, 41.0016039408692], 
            [-90.6140156243216, 40.9538859131045], 
            [-90.6998199407376, 40.9504864757703], 
            [-90.8010925963462, 40.9544974520958], 
            [-90.8413912172308, 40.8691248102619], 
            [-90.8681820209834, 40.8402026132601], 
            [-90.903228601119, 40.8077280941763], 
            [-90.924875282768, 40.7843637074192]
          ]
        ]
      }, 
      "properties" : {
        "OBJECTID" : 37, 
        "Id" : 37, 
        "gridcode" : 2, 
        "Unixtime" : 1790650800, 
        "Timestamp" : 1790650800000, 
        "Shape__Area" : 32691763426.574219, 
        "Shape__Length" : 1041372.1375530675
      }
    }, 
    {
      "type" : "Feature", 
      "id" : 38, 
      "geometry" : 
      {
        "type" : "Polygon", 
        "coordinates" : 
        [
          [
            [-95.0209814331466, 40.5592993721684], 
            [-95.2356316191039, 40.5984558540545], 
            [-95.3397910984804, 40.6881992010324], 
            [-95.3902160856038, 40.8255076910272], 
            [-95.4013856654161, 40.9644979132482], 
            [-95.3356991831707, 41.1826734416261], 
            [-95.2189491951492, 41.3181832875288], 
            [-95.0679260439517, 41.4024407700256], 
            [-94.8523855291688, 41.3762704984848], 
            [-94.6873959065958, 41.2341236558821], 
            [-94.582957637385, 40.9861266084563], 
            [-94.614811624257, 40.76232132407], 
            [-94.7829129011094, 40.6232771425262], 
            [-94.8963623772219, 40.5922235522752], 
            [-95.010567283853, 40.5713952536881], 
            [-95.0209814331466, 40.5592993721684]
          ]
        ]
      }, 
      "properties" : {
        "OBJECTID" : 38, 
        "Id" : 38, 
        "gridcode" : 2, 
        "Unixtime" : 1790650800, 
        "Timestamp" : 1790650800000, 
        "Shape__Area" : 8660475870.1914063, 
        "Shape__Length" : 341602.57016276388
      }
    }, 
    {
      "type" : "Feature", 
      "id" : 39, 
      "geometry" : 
      {
        "type" : "Polygon", 
        "coordinates" : 
        [
          [
            [-115.659064414291, 40.4467761977634], 
            [-115.940938923193, 40.4610124657528], 
            [-116.11400445774, 40.6213705797885], 
            [-116.187524035006, 40.8311374470356], 
            [-116.12456249856, 41.0378376261057], 
            [-115.999664652801, 41.1726460008124], 
            [-115.792334948299, 41.2453112221353], 
            [-115.611067596692, 41.2060468216036], 
            [-115.479847516949, 41.1098013762326], 
            [-115.37817016642, 40.9176342414272], 
            [-115.407892760043, 40.6567858819629], 
            [-115.523959263309, 40.5315193141651], 
            [-115.648236576856, 40.4584583911419], 
            [-115.659064414291, 40.4467761977634]
          ]
        ]
      }, 
      "properties" : {
        "OBJECTID" : 39, 
        "Id" : 39, 
        "gridcode" : 1, 
        "Unixtime" : 1790650800, 
        "Timestamp" : 1790650800000, 
        "Shape__Area" : 8041745548.4492188, 
        "Shape__Length" : 327157.24211360083
      }
    }, 
    {
      "type" : "Feature", 
      "id" : 40, 
      "geometry" : 
      {
        "type" : "Polygon", 
        "coordinates" : 
        [
          [
            [-84.3305963799189, 39.4565057131682], 
            [-84.3835754416533, 39.485544822036], 
            [-84.3413972376923, 39.5067238562211], 
            [-84.3305963799189, 39.4565057131682]
          ]
        ]
      }, 
      "properties" : {
        "OBJECTID" : 40, 
        "Id" : 40, 
        "gridcode" : 1, 
        "Unixtime" : 1790650800, 
        "Timestamp" : 1790650800000, 
        "Shape__Area" : 18840312.6484375, 
        "Shape__Length" : 20176.890292124728
      }
    }, 
    {
      "type" : "Feature", 
      "id" : 41, 
      "geometry" : 
      {
        "type" : "Polygon", 
        "coordinates" : 
        [
          [
            [-86.1535851198573, 39.366483576356], 
            [-86.2776016300111, 39.3775092646409], 
            [-86.4346862117992, 39.4454800248833], 
            [-86.7605105890923, 39.5631473213918], 
            [-86.8623048514876, 39.713325109866], 
            [-86.7808442605541, 39.8527020405668], 
            [-86.3725700380767, 40.277640700558], 
            [-86.2626548976054, 40.2798890056732], 
            [-86.0527531320514, 40.2206776421596], 
            [-86.0513951557618, 40.1541907632932], 
            [-86.0547226473323, 39.9910537441351], 
            [-86.009064067053, 39.8969486852337], 
            [-85.9176479810694, 39.8349853962591], 
            [-85.7605184331791, 39.7839938362466], 
            [-85.6924397542912, 39.616162356008], 
            [-85.7257686293187, 39.5616184739135], 
            [-86.0887889664376, 39.4305063128162], 
            [-86.1315337432875, 39.3894342749719], 
            [-86.1535851198573, 39.366483576356]
          ]
        ]
      }, 
      "properties" : {
        "OBJECTID" : 41, 
        "Id" : 41, 
        "gridcode" : 2, 
        "Unixtime" : 1790650800, 
        "Timestamp" : 1790650800000, 
        "Shape__Area" : 10180108340.03125, 
        "Shape__Length" : 405522.21204659069
      }
    }, 
    {
      "type" : "Feature", 
      "id" : 42, 
      "geometry" : 
      {
        "type" : "Polygon", 
        "coordinates" : 
        [
          [
            [-84.3531064107322, 39.366483576356], 
            [-84.5420539726127, 39.3775991968456], 
            [-84.6331822755415, 39.4915433000833], 
            [-84.6044039700671, 39.5885621624139], 
            [-84.4474722730269, 39.7140805403847], 
            [-84.27557585714, 39.5977712201658], 
            [-84.3041922846461, 39.4101366684725], 
            [-84.3430969563594, 39.378975159576], 
            [-84.3531064107322, 39.366483576356]
          ], 
          [
            [-84.3305963799189, 39.4565057131682], 
            [-84.3413972376923, 39.5067238562211], 
            [-84.3835754416533, 39.485544822036], 
            [-84.3305963799189, 39.4565057131682]
          ]
        ]
      }, 
      "properties" : {
        "OBJECTID" : 42, 
        "Id" : 42, 
        "gridcode" : 2, 
        "Unixtime" : 1790650800, 
        "Timestamp" : 1790650800000, 
        "Shape__Area" : 1380566703.640625, 
        "Shape__Length" : 161217.00199686782
      }
    }, 
    {
      "type" : "Feature", 
      "id" : 43, 
      "geometry" : 
      {
        "type" : "Polygon", 
        "coordinates" : 
        [
          [
            [-83.2052926901055, 39.2539514087306], 
            [-83.4848559413485, 39.268070764854], 
            [-83.5619548203586, 39.4137789227591], 
            [-83.6065791802849, 39.5840835386245], 
            [-83.5880891190176, 40.0506518161285], 
            [-83.6620493640868, 40.2073586826572], 
            [-83.7135985037679, 40.2346351203146], 
            [-84.1330962653803, 40.2848352769266], 
            [-84.3120523593288, 40.3414925658294], 
            [-84.4438929712836, 40.4266313839313], 
            [-84.5579000270645, 40.5322657514633], 
            [-84.6114906277902, 40.6335474002923], 
            [-84.5855811596427, 40.8819131697571], 
            [-84.4551524833004, 41.3274283181624], 
            [-84.4499544018741, 41.4587023572281], 
            [-84.6319322178975, 41.7559103070151], 
            [-84.6790117270095, 41.9355948518211], 
            [-84.5992508547431, 42.1131390101573], 
            [-84.155264553816, 42.4744686218296], 
            [-84.0118676535693, 42.5503444228569], 
            [-83.7077708969093, 42.5623953382743], 
            [-83.5580607558991, 42.4657182183212], 
            [-83.4427316967104, 42.2981115685941], 
            [-83.436517381372, 42.1413417495222], 
            [-83.4813755650302, 41.9996355747221], 
            [-83.6661232929555, 41.9124463023551], 
            [-83.9138055776652, 41.7179409302298], 
            [-84.1836921236925, 41.5199821614477], 
            [-84.189070069528, 41.3843823833404], 
            [-83.9912192193914, 41.263243703734], 
            [-83.5753547188451, 41.0669756603985], 
            [-83.448208567971, 40.9996973781316], 
            [-83.308984522018, 40.9556216046534], 
            [-83.2394759210769, 40.8546097524382], 
            [-83.2649986807444, 40.73148357111], 
            [-83.3721439093139, 40.4506972418843], 
            [-83.3768023975126, 40.3333357148714], 
            [-83.3221146238907, 40.1606119227022], 
            [-83.2483522296716, 40.0810039351836], 
            [-83.1539593877155, 40.0310555887445], 
            [-83.0857368173002, 40.0283486293858], 
            [-82.9896352634566, 40.0620372332318], 
            [-82.92353509307, 40.0308397514535], 
            [-82.8394664682029, 39.9006448988431], 
            [-82.7218441377967, 39.8049210602588], 
            [-82.5433646845325, 39.6645728617482], 
            [-82.539353708207, 39.5633721519034], 
            [-82.6037002006037, 39.4270349297183], 
            [-82.6985696832442, 39.3617531423937], 
            [-82.8772469873585, 39.314934436675], 
            [-83.0360672606955, 39.2872802837581], 
            [-83.1944648526708, 39.2656336021091], 
            [-83.2052926901055, 39.2539514087306]
          ]
        ]
      }, 
      "properties" : {
        "OBJECTID" : 43, 
        "Id" : 43, 
        "gridcode" : 2, 
        "Unixtime" : 1790650800, 
        "Timestamp" : 1790650800000, 
        "Shape__Area" : 45592243317.972656, 
        "Shape__Length" : 1349601.3416472
      }
    }, 
    {
      "type" : "Feature", 
      "id" : 44, 
      "geometry" : 
      {
        "type" : "Polygon", 
        "coordinates" : 
        [
          [
            [-84.5106406535432, 39.1189182035124], 
            [-84.5646359491897, 39.1323810545421], 
            [-84.5861837054136, 39.2179245675648], 
            [-84.521819226576, 39.1916553705989], 
            [-84.5106406535432, 39.1189182035124]
          ]
        ]
      }, 
      "properties" : {
        "OBJECTID" : 44, 
        "Id" : 44, 
        "gridcode" : 2, 
        "Unixtime" : 1790650800, 
        "Timestamp" : 1790650800000, 
        "Shape__Area" : 69660743.10546875, 
        "Shape__Length" : 37443.310064287158
      }
    }, 
    {
      "type" : "Feature", 
      "id" : 45, 
      "geometry" : 
      {
        "type" : "Polygon", 
        "coordinates" : 
        [
          [
            [-89.5520062201109, 38.9613749674808], 
            [-89.560127098187, 38.9337477942254], 
            [-89.5781944780926, 38.9536767707664], 
            [-89.5520062201109, 38.9613749674808]
          ]
        ]
      }, 
      "properties" : {
        "OBJECTID" : 45, 
        "Id" : 45, 
        "gridcode" : 1, 
        "Unixtime" : 1790650800, 
        "Timestamp" : 1790650800000, 
        "Shape__Area" : 5265969.28125, 
        "Shape__Length" : 10663.215750734476
      }
    }, 
    {
      "type" : "Feature", 
      "id" : 46, 
      "geometry" : 
      {
        "type" : "Polygon", 
        "coordinates" : 
        [
          [
            [-120.970496391295, 38.7813217006361], 
            [-121.025516914074, 38.7938222770765], 
            [-121.19993143169, 38.8241743961316], 
            [-121.273082286918, 39.0144889275221], 
            [-121.248827571335, 39.1289186646648], 
            [-121.146574654697, 39.0978021218705], 
            [-120.940423062075, 38.9327135738724], 
            [-120.897273590304, 38.8204601960813], 
            [-120.960486936923, 38.7938222770765], 
            [-120.970496391295, 38.7813217006361]
          ]
        ]
      }, 
      "properties" : {
        "OBJECTID" : 46, 
        "Id" : 46, 
        "gridcode" : 2, 
        "Unixtime" : 1790650800, 
        "Timestamp" : 1790650800000, 
        "Shape__Area" : 1216758011.1484375, 
        "Shape__Length" : 143365.37455394576
      }
    }, 
    {
      "type" : "Feature", 
      "id" : 47, 
      "geometry" : 
      {
        "type" : "Polygon", 
        "coordinates" : 
        [
          [
            [-89.3044408472672, 38.7813217006361], 
            [-89.3125617253433, 38.7537035206011], 
            [-89.3306291052489, 38.7736235039217], 
            [-89.3044408472672, 38.7813217006361]
          ]
        ]
      }, 
      "properties" : {
        "OBJECTID" : 47, 
        "Id" : 47, 
        "gridcode" : 1, 
        "Unixtime" : 1790650800, 
        "Timestamp" : 1790650800000, 
        "Shape__Area" : 5250782.69140625, 
        "Shape__Length" : 10644.292947458212
      }
    }, 
    {
      "type" : "Feature", 
      "id" : 48, 
      "geometry" : 
      {
        "type" : "Polygon", 
        "coordinates" : 
        [
          [
            [-121.465636130203, 38.1286477189172], 
            [-121.606245132107, 38.1478662310418], 
            [-121.63889052238, 38.2410180085743], 
            [-121.632028695168, 38.4142813939712], 
            [-121.664044560008, 38.6152618848282], 
            [-121.724020347261, 38.7863938769759], 
            [-121.669944112631, 38.8591310440625], 
            [-121.558572070445, 38.8635467153088], 
            [-121.428620034787, 38.7741271242675], 
            [-121.277075276803, 38.738028337338], 
            [-121.270546198748, 38.5734164300243], 
            [-121.341358816656, 38.4395973095683], 
            [-121.259673395211, 38.2407302255196], 
            [-121.363644016958, 38.1691891567543], 
            [-121.454808292768, 38.1403299122957], 
            [-121.465636130203, 38.1286477189172]
          ]
        ]
      }, 
      "properties" : {
        "OBJECTID" : 48, 
        "Id" : 48, 
        "gridcode" : 2, 
        "Unixtime" : 1790650800, 
        "Timestamp" : 1790650800000, 
        "Shape__Area" : 3779477125.703125, 
        "Shape__Length" : 271760.968381196
      }
    }, 
    {
      "type" : "Feature", 
      "id" : 49, 
      "geometry" : 
      {
        "type" : "Polygon", 
        "coordinates" : 
        [
          [
            [-85.6809644049832, 38.0836366505111], 
            [-85.7772728028975, 38.0999953185292], 
            [-85.7580722772138, 38.2299203745258], 
            [-85.7741341689567, 38.3386663963372], 
            [-85.6824572795798, 38.3522101863511], 
            [-85.6988069543774, 38.2415665950224], 
            [-85.6645517776424, 38.1544312819782], 
            [-85.6809644049832, 38.0836366505111]
          ]
        ]
      }, 
      "properties" : {
        "OBJECTID" : 49, 
        "Id" : 49, 
        "gridcode" : 2, 
        "Unixtime" : 1790650800, 
        "Timestamp" : 1790650800000, 
        "Shape__Area" : 337534960.37109375, 
        "Shape__Length" : 94297.407881899126
      }
    }, 
    {
      "type" : "Feature", 
      "id" : 50, 
      "geometry" : 
      {
        "type" : "Polygon", 
        "coordinates" : 
        [
          [
            [-87.4139310081095, 37.8360712776674], 
            [-87.5345660673701, 37.8468001896771], 
            [-87.5783540577935, 37.9510496012581], 
            [-87.5153655416863, 38.0422678363916], 
            [-87.4156756928789, 38.0646159892366], 
            [-87.3597288683925, 37.9786947609545], 
            [-87.3781110110143, 37.8902734173844], 
            [-87.4139310081095, 37.8360712776674]
          ]
        ]
      }, 
      "properties" : {
        "OBJECTID" : 50, 
        "Id" : 50, 
        "gridcode" : 2, 
        "Unixtime" : 1790650800, 
        "Timestamp" : 1790650800000, 
        "Shape__Area" : 565532167.08984375, 
        "Shape__Length" : 90127.930070854287
      }
    }, 
    {
      "type" : "Feature", 
      "id" : 51, 
      "geometry" : 
      {
        "type" : "Polygon", 
        "coordinates" : 
        [
          [
            [-122.275853347954, 37.7910512160408], 
            [-122.353788596467, 37.8256481351534], 
            [-122.473047692997, 37.8527447084016], 
            [-122.458496662291, 38.0338771617018], 
            [-122.519803446172, 38.1317683664171], 
            [-122.623855006903, 38.2214127879699], 
            [-122.5664063146, 38.3713297730507], 
            [-122.495054103464, 38.4541483402738], 
            [-122.375857959477, 38.4204777228687], 
            [-122.133005034155, 38.2112414556287], 
            [-122.085610762327, 38.1263094815974], 
            [-122.173618417756, 37.9685683947157], 
            [-122.198008031645, 37.8612433017371], 
            [-122.26543919866, 37.8031470975606], 
            [-122.275853347954, 37.7910512160408]
          ]
        ]
      }, 
      "properties" : {
        "OBJECTID" : 51, 
        "Id" : 51, 
        "gridcode" : 2, 
        "Unixtime" : 1790650800, 
        "Timestamp" : 1790650800000, 
        "Shape__Area" : 3221503814.0625, 
        "Shape__Length" : 238705.30971283422
      }
    }, 
    {
      "type" : "Feature", 
      "id" : 52, 
      "geometry" : 
      {
        "type" : "Polygon", 
        "coordinates" : 
        [
          [
            [-81.3822949569466, 37.7460401476348], 
            [-81.5681488509886, 37.764997856366], 
            [-81.8159930136666, 37.907891136267], 
            [-81.9306655677617, 38.1134311898976], 
            [-81.9527349307724, 38.3881291088713], 
            [-81.885798390883, 38.6104505118817], 
            [-81.7828170233869, 38.7299883982461], 
            [-81.6766340694067, 38.7892267414211], 
            [-81.414526659078, 38.8367469183357], 
            [-81.2278274023127, 38.8077977416725], 
            [-81.0742861493862, 38.7392873882025], 
            [-80.9993186636254, 38.6747070720738], 
            [-80.8992510995585, 38.4953462832045], 
            [-80.9247468795648, 38.1971041130644], 
            [-81.0688812238893, 37.9471105706963], 
            [-81.2449145211882, 37.7963572161127], 
            [-81.3718808076531, 37.7581360291545], 
            [-81.3822949569466, 37.7460401476348]
          ]
        ]
      }, 
      "properties" : {
        "OBJECTID" : 52, 
        "Id" : 52, 
        "gridcode" : 2, 
        "Unixtime" : 1790650800, 
        "Timestamp" : 1790650800000, 
        "Shape__Area" : 14110109159.976563, 
        "Shape__Length" : 431806.20764240593
      }
    }, 
    {
      "type" : "Feature", 
      "id" : 53, 
      "geometry" : 
      {
        "type" : "Polygon", 
        "coordinates" : 
        [
          [
            [-121.218061764139, 37.6560180108226], 
            [-121.285717761665, 37.6927912892867], 
            [-121.325719606275, 37.7880205007456], 
            [-121.288757470181, 37.8415661353689], 
            [-121.171872583853, 37.8677633865711], 
            [-121.096338525203, 37.8276806029775], 
            [-121.136151512182, 37.7195371269369], 
            [-121.208870692828, 37.6693279771045], 
            [-121.218061764139, 37.6560180108226]
          ]
        ]
      }, 
      "properties" : {
        "OBJECTID" : 53, 
        "Id" : 53, 
        "gridcode" : 2, 
        "Unixtime" : 1790650800, 
        "Timestamp" : 1790650800000, 
        "Shape__Area" : 492431248.78515625, 
        "Shape__Length" : 84250.920362878387
      }
    }, 
    {
      "type" : "Feature", 
      "id" : 54, 
      "geometry" : 
      {
        "type" : "Polygon", 
        "coordinates" : 
        [
          [
            [-119.845192701482, 37.5209848056044], 
            [-119.872810881517, 37.5291056836804], 
            [-119.852890898196, 37.5471640703656], 
            [-119.845192701482, 37.5209848056044]
          ]
        ]
      }, 
      "properties" : {
        "OBJECTID" : 54, 
        "Id" : 54, 
        "gridcode" : 2, 
        "Unixtime" : 1790650800, 
        "Timestamp" : 1790650800000, 
        "Shape__Area" : 5160916.5546875, 
        "Shape__Length" : 10420.688156283577
      }
    }, 
    {
      "type" : "Feature", 
      "id" : 55, 
      "geometry" : 
      {
        "type" : "Polygon", 
        "coordinates" : 
        [
          [
            [-89.5520062201109, 38.9613749674808], 
            [-89.4952500057831, 38.9978244900083], 
            [-89.4610218087095, 38.9534699266958], 
            [-89.2913017521741, 38.861307403414], 
            [-89.3044408472672, 38.7813217006361], 
            [-89.1583729605437, 38.7683354902907], 
            [-89.2472529583573, 38.680858434869], 
            [-89.3152417050406, 38.6458388343948], 
            [-89.6253549261888, 38.5702328299812], 
            [-89.893541753549, 38.4181934448717], 
            [-90.0723719424112, 38.2051620385973], 
            [-90.1701462352605, 37.9640987641467], 
            [-90.1771699404404, 37.6199282171136], 
            [-90.1285256109681, 37.4700022388123], 
            [-90.0542506031827, 37.2983486398779], 
            [-90.0885237663587, 37.1927502452277], 
            [-90.2204183376361, 37.0148193784117], 
            [-90.238665581951, 37.0368797482019], 
            [-90.3253782136336, 37.1691340482978], 
            [-90.4805832123453, 37.2994188331127], 
            [-90.9056837503048, 37.6364487631], 
            [-91.1639870283786, 37.9222443161224], 
            [-91.2916278063781, 38.1700345194776], 
            [-91.3801121024915, 38.4757770354819], 
            [-91.4089803401705, 38.8148574197342], 
            [-91.4357981235845, 39.4172682922979], 
            [-91.4985618091801, 39.5129921308822], 
            [-91.6069391089526, 39.6472609123613], 
            [-91.4669236595992, 39.5751262910456], 
            [-91.2359148056237, 39.8463078608192], 
            [-91.1830526557554, 39.8735393323744], 
            [-91.1090564378043, 39.8720374645574], 
            [-90.9588606628892, 39.963120801384], 
            [-90.9133999334601, 39.9851721779538], 
            [-90.8701875091461, 40.0301472734779], 
            [-90.7898420775498, 40.0317840396018], 
            [-90.6998199407376, 40.0299494226279], 
            [-90.5911818375717, 40.0321707480816], 
            [-89.9908933650367, 39.4554265267129], 
            [-89.9010780722951, 39.3229114232237], 
            [-89.9293077913214, 39.2487533273043], 
            [-90.0586213083267, 39.1528945904131], 
            [-90.3891491399208, 38.8468103320313], 
            [-90.5523581048426, 38.7938492567379], 
            [-90.554903186233, 38.6687895330106], 
            [-90.5524120641654, 38.5465177076262], 
            [-90.6208234922103, 38.4137148210822], 
            [-90.5584285286536, 38.2751652666638], 
            [-90.553302392991, 38.2972166432336], 
            [-90.519263053547, 38.5410228499247], 
            [-90.4412198863886, 38.5677417079136], 
            [-90.2395469175561, 38.5958904879557], 
            [-90.3144964168761, 38.8148574197342], 
            [-90.1966042898561, 38.7807641209675], 
            [-90.1566923774512, 38.6577638447257], 
            [-90.0794496069138, 38.6801749501139], 
            [-90.0361112775134, 38.7252849439451], 
            [-89.8120541829541, 38.813661321413], 
            [-89.7430851752406, 38.9273895873596], 
            [-89.6898183304515, 39.0624227925779], 
            [-89.5832306815507, 38.9938674730055], 
            [-89.5520062201109, 38.9613749674808]
          ], 
          [
            [-89.3306291052489, 38.7736235039217], 
            [-89.3125617253433, 38.7537035206011], 
            [-89.3044408472672, 38.7813217006361], 
            [-89.3306291052489, 38.7736235039217]
          ], 
          [
            [-89.5781944780926, 38.9536767707664], 
            [-89.560127098187, 38.9337477942254], 
            [-89.5520062201109, 38.9613749674808], 
            [-89.5781944780926, 38.9536767707664]
          ]
        ]
      }, 
      "properties" : {
        "OBJECTID" : 55, 
        "Id" : 55, 
        "gridcode" : 2, 
        "Unixtime" : 1790650800, 
        "Timestamp" : 1790650800000, 
        "Shape__Area" : 51242163850.191406, 
        "Shape__Length" : 1518847.6948277322
      }
    }, 
    {
      "type" : "Feature", 
      "id" : 56, 
      "geometry" : 
      {
        "type" : "Polygon", 
        "coordinates" : 
        [
          [
            [-100.624998844621, 39.6140489491997], 
            [-100.635412993914, 39.5569419992739], 
            [-100.737297188514, 39.2168094082277], 
            [-100.815772030255, 38.8713618238891], 
            [-100.852275512105, 38.5923651455351], 
            [-100.797039152035, 38.184837360356], 
            [-100.702826174488, 37.8703084679615], 
            [-100.70734976438, 37.8140378875386], 
            [-100.639001288878, 37.500678113804], 
            [-100.614584695327, 37.261323551241], 
            [-100.590401925508, 37.1054530542152], 
            [-100.579987776215, 37.0033440291037], 
            [-100.665144580758, 37.082241552206], 
            [-100.852509335837, 37.3545292880963], 
            [-100.962919103434, 37.6695438143956], 
            [-101.080253650785, 38.1068211728589], 
            [-101.172542079154, 38.2497324392008], 
            [-101.352910108714, 38.3451684947303], 
            [-101.842959684841, 38.4515492995606], 
            [-102.185385547105, 38.6131574712404], 
            [-102.388695282062, 38.8015294670114], 
            [-102.49953672424, 38.962607038684], 
            [-102.590629054287, 39.1843798552462], 
            [-102.599946030685, 39.4192557940197], 
            [-102.553127324966, 39.6157846407486], 
            [-102.491946446171, 39.7454219136904], 
            [-102.351841064613, 39.9364469094974], 
            [-102.083339474537, 40.106346830442], 
            [-101.864903142766, 40.1635796854542], 
            [-101.642986434676, 40.1723750550648], 
            [-101.429469394497, 40.1316087867162], 
            [-101.220601849296, 40.0437090499328], 
            [-101.037652765463, 39.9255741059603], 
            [-100.797506799499, 39.7301334389072], 
            [-100.635826682056, 39.6257311425783], 
            [-100.624998844621, 39.6140489491997]
          ]
        ]
      }, 
      "properties" : {
        "OBJECTID" : 56, 
        "Id" : 56, 
        "gridcode" : 1, 
        "Unixtime" : 1790650800, 
        "Timestamp" : 1790650800000, 
        "Shape__Area" : 49417378099.304688, 
        "Shape__Length" : 1130640.8656972442
      }
    }, 
    {
      "type" : "Feature", 
      "id" : 57, 
      "geometry" : 
      {
        "type" : "Polygon", 
        "coordinates" : 
        [
          [
            [-100.557477745402, 36.9808339982904], 
            [-100.579987776215, 36.9808339982904], 
            [-100.579987776215, 37.0033440291037], 
            [-100.557477745402, 37.0033440291037], 
            [-100.557477745402, 36.9808339982904]
          ]
        ]
      }, 
      "properties" : {
        "OBJECTID" : 57, 
        "Id" : 57, 
        "gridcode" : 1, 
        "Unixtime" : 1790650800, 
        "Timestamp" : 1790650800000, 
        "Shape__Area" : 7861416.59375, 
        "Shape__Length" : 11286.173649178818
      }
    }, 
    {
      "type" : "Feature", 
      "id" : 58, 
      "geometry" : 
      {
        "type" : "Polygon", 
        "coordinates" : 
        [
          [
            [-120.85796422367, 36.6207364578214], 
            [-120.881652366364, 36.6377156580513], 
            [-120.919414899078, 36.8268520775614], 
            [-120.862964454246, 36.8380036709327], 
            [-120.837126931862, 36.7072422454333], 
            [-120.85796422367, 36.6207364578214]
          ]
        ]
      }, 
      "properties" : {
        "OBJECTID" : 58, 
        "Id" : 58, 
        "gridcode" : 1, 
        "Unixtime" : 1790650800, 
        "Timestamp" : 1790650800000, 
        "Shape__Area" : 163276867.5078125, 
        "Shape__Length" : 67238.891333627733
      }
    }, 
    {
      "type" : "Feature", 
      "id" : 59, 
      "geometry" : 
      {
        "type" : "Polygon", 
        "coordinates" : 
        [
          [
            [-120.497866683201, 36.125605712134], 
            [-120.571422233349, 36.1354442953181], 
            [-120.5892018302, 36.1785847738683], 
            [-120.508541635888, 36.1450670412111], 
            [-120.497866683201, 36.125605712134]
          ]
        ]
      }, 
      "properties" : {
        "OBJECTID" : 59, 
        "Id" : 59, 
        "gridcode" : 1, 
        "Unixtime" : 1790650800, 
        "Timestamp" : 1790650800000, 
        "Shape__Area" : 32306428.51953125, 
        "Shape__Length" : 27600.757505983791
      }
    }, 
    {
      "type" : "Feature", 
      "id" : 60, 
      "geometry" : 
      {
        "type" : "Polygon", 
        "coordinates" : 
        [
          [
            [-120.655409919232, 35.2928784635703], 
            [-120.807647155192, 35.3056038705223], 
            [-120.845877335371, 35.3499854134961], 
            [-120.890888403777, 35.3887641801229], 
            [-120.847172359117, 35.6379843055314], 
            [-120.770738978421, 35.8092781756473], 
            [-120.61632538311, 35.9302100111831], 
            [-120.496346828943, 35.9398507435171], 
            [-120.321500636745, 35.8143053858849], 
            [-120.262397191877, 35.6533537192988], 
            [-120.338470843754, 35.4734353507609], 
            [-120.483873232164, 35.3595631932868], 
            [-120.575801931714, 35.3258026436772], 
            [-120.644995769939, 35.30497434509], 
            [-120.655409919232, 35.2928784635703]
          ]
        ]
      }, 
      "properties" : {
        "OBJECTID" : 60, 
        "Id" : 60, 
        "gridcode" : 1, 
        "Unixtime" : 1790650800, 
        "Timestamp" : 1790650800000, 
        "Shape__Area" : 4365310296.8945313, 
        "Shape__Length" : 247435.90812664459
      }
    }, 
    {
      "type" : "Feature", 
      "id" : 61, 
      "geometry" : 
      {
        "type" : "Polygon", 
        "coordinates" : 
        [
          [
            [-82.5751197459794, 35.2478673951642], 
            [-82.7258101480198, 35.2675805344142], 
            [-82.7813972436878, 35.3154784265882], 
            [-82.8525965700756, 35.4430922249263], 
            [-82.8907458112701, 35.6889758655438], 
            [-82.8397992173599, 35.8581743152925], 
            [-82.7756325893724, 35.9326561671485], 
            [-82.5818466748841, 35.9482324249865], 
            [-82.3863970146105, 35.7798433650793], 
            [-82.2721291554361, 35.5224304158311], 
            [-82.3044417965516, 35.3570630779988], 
            [-82.419276228615, 35.2929953754363], 
            [-82.5647055966859, 35.2599542834635], 
            [-82.5751197459794, 35.2478673951642]
          ]
        ]
      }, 
      "properties" : {
        "OBJECTID" : 61, 
        "Id" : 61, 
        "gridcode" : 2, 
        "Unixtime" : 1790650800, 
        "Timestamp" : 1790650800000, 
        "Shape__Area" : 4942911668.1796875, 
        "Shape__Length" : 263529.34334888781
      }
    }, 
    {
      "type" : "Feature", 
      "id" : 62, 
      "geometry" : 
      {
        "type" : "Polygon", 
        "coordinates" : 
        [
          [
            [-80.6621088692289, 35.0903241591327], 
            [-80.7783642301251, 35.1100732712645], 
            [-80.8294547155626, 35.2400343001429], 
            [-80.705168408795, 35.3702021730919], 
            [-80.6010718819617, 35.3441218337557], 
            [-80.5427688337147, 35.1958146351374], 
            [-80.596881041227, 35.1257034884254], 
            [-80.6522972657062, 35.1030225864233], 
            [-80.6621088692289, 35.0903241591327]
          ]
        ]
      }, 
      "properties" : {
        "OBJECTID" : 62, 
        "Id" : 62, 
        "gridcode" : 2, 
        "Unixtime" : 1790650800, 
        "Timestamp" : 1790650800000, 
        "Shape__Area" : 823197468.98046875, 
        "Shape__Length" : 107907.6812524321
      }
    }, 
    {
      "type" : "Feature", 
      "id" : 63, 
      "geometry" : 
      {
        "type" : "Polygon", 
        "coordinates" : 
        [
          [
            [-118.179747197575, 35.0228030599134], 
            [-118.20736537761, 35.0309239379894], 
            [-118.187445394289, 35.0489913178951], 
            [-118.179747197575, 35.0228030599134]
          ]
        ]
      }, 
      "properties" : {
        "OBJECTID" : 63, 
        "Id" : 63, 
        "gridcode" : 2, 
        "Unixtime" : 1790650800, 
        "Timestamp" : 1790650800000, 
        "Shape__Area" : 5000162.98828125, 
        "Shape__Length" : 10238.0694300188
      }
    }, 
    {
      "type" : "Feature", 
      "id" : 64, 
      "geometry" : 
      {
        "type" : "Polygon", 
        "coordinates" : 
        [
          [
            [-97.9467728253056, 34.7977477178829], 
            [-97.9743910053406, 34.805868595959], 
            [-97.95447102202, 34.8239269826442], 
            [-97.9467728253056, 34.7977477178829]
          ]
        ]
      }, 
      "properties" : {
        "OBJECTID" : 64, 
        "Id" : 64, 
        "gridcode" : 1, 
        "Unixtime" : 1790650800, 
        "Timestamp" : 1790650800000, 
        "Shape__Area" : 4984593.37890625, 
        "Shape__Length" : 10220.488065173897
      }
    }, 
    {
      "type" : "Feature", 
      "id" : 65, 
      "geometry" : 
      {
        "type" : "Polygon", 
        "coordinates" : 
        [
          [
            [-120.655409919232, 34.7302266186636], 
            [-120.520772415714, 34.7595984766884], 
            [-120.241874662785, 34.7371873713003], 
            [-120.217386123471, 34.4705743575207], 
            [-120.205290241951, 34.4376501774138], 
            [-120.484709601667, 34.4223527094101], 
            [-120.537904500692, 34.5047216156102], 
            [-120.686418543381, 34.551738172179], 
            [-120.639635810544, 34.6852155502575], 
            [-120.655409919232, 34.7302266186636]
          ]
        ]
      }, 
      "properties" : {
        "OBJECTID" : 65, 
        "Id" : 65, 
        "gridcode" : 1, 
        "Unixtime" : 1790650800, 
        "Timestamp" : 1790650800000, 
        "Shape__Area" : 1863921106.0976563, 
        "Shape__Length" : 174125.29521552863
      }
    }, 
    {
      "type" : "Feature", 
      "id" : 66, 
      "geometry" : 
      {
        "type" : "Polygon", 
        "coordinates" : 
        [
          [
            [-120.205290241951, 34.4376501774138], 
            [-120.217386123471, 34.4705743575207], 
            [-120.241874662785, 34.7371873713003], 
            [-120.520772415714, 34.7595984766884], 
            [-120.655409919232, 34.7302266186636], 
            [-120.668144319405, 34.7633486496206], 
            [-120.658233790457, 34.8430285829028], 
            [-120.698199662185, 34.9110173295862], 
            [-120.651318003923, 35.1174117391605], 
            [-120.826775735112, 35.1553721227253], 
            [-120.921870048264, 35.2315177203666], 
            [-120.899054247955, 35.4148894855614], 
            [-121.020993324183, 35.4412755943932], 
            [-121.110511840649, 35.5129605546859], 
            [-121.18725099084, 35.6087923119157], 
            [-121.316915243444, 35.645862366655], 
            [-121.371665969609, 35.775796415872], 
            [-121.497310252666, 35.8764125663869], 
            [-121.524883466599, 35.9728648558285], 
            [-121.602539925277, 36.0055821918647], 
            [-121.676554129669, 36.1274313358875], 
            [-121.861868430484, 36.2399994763948], 
            [-121.928256383925, 36.2931584025383], 
            [-121.94826629945, 36.3856716614181], 
            [-122.006947062957, 36.5911667489464], 
            [-121.950532591006, 36.661619638036], 
            [-121.861904403365, 36.6506029429715], 
            [-121.825257029988, 36.8119413180375], 
            [-121.901537525936, 36.9375406349924], 
            [-122.080727443617, 36.9152464414702], 
            [-122.177179733058, 36.9558868047324], 
            [-122.258325561276, 37.0208718157817], 
            [-122.308588670431, 37.0836444945978], 
            [-122.341288020026, 37.0795705657291], 
            [-122.398385976731, 37.1508778107624], 
            [-122.439053319655, 37.1834422620509], 
            [-122.447443994345, 37.2509094019474], 
            [-122.436823000981, 37.3363180166632], 
            [-122.468398198018, 37.4184620923518], 
            [-122.478407652391, 37.4759737371983], 
            [-122.467579814956, 37.4876559305768], 
            [-122.325792701172, 37.5991538778493], 
            [-121.979283916819, 37.6218347798513], 
            [-121.814905833238, 37.5543136806319], 
            [-121.671131217731, 37.5087899986596], 
            [-121.556512622959, 37.3850882512219], 
            [-121.483020025354, 37.316991585893], 
            [-121.363922806792, 37.2400815645126], 
            [-121.23506794403, 37.1352116207198], 
            [-121.420948817734, 36.9629824556758], 
            [-121.500619757796, 36.8543623389509], 
            [-121.498155615389, 36.7922101923466], 
            [-121.380830061258, 36.6480488683607], 
            [-121.195227977389, 36.6554053226975], 
            [-121.045454883836, 36.8170494672592], 
            [-121.049717670334, 36.924572411088], 
            [-121.048377680486, 36.9583329606976], 
            [-121.049915521184, 36.9970217951198], 
            [-121.096401477746, 37.0848765658009], 
            [-121.093820423474, 37.1500054683777], 
            [-121.182439617894, 37.3174682265775], 
            [-121.133984146051, 37.4557030182797], 
            [-120.95536080126, 37.5562562162515], 
            [-120.909513363351, 37.6057369152265], 
            [-120.827225396135, 37.7800884802992], 
            [-120.323074450326, 37.8069782094769], 
            [-120.191035987521, 37.8017441551687], 
            [-120.140134359713, 37.746804571374], 
            [-120.007304493508, 37.5411116329955], 
            [-119.887137081711, 37.4297665704709], 
            [-119.666875126186, 37.3258229283855], 
            [-119.329818216537, 37.2455314561119], 
            [-119.138226647841, 37.0986092134445], 
            [-119.047862768652, 36.9586747030752], 
            [-118.886722244436, 36.5352469041214], 
            [-118.89129080043, 36.4200617364601], 
            [-118.755457198591, 36.4676628523588], 
            [-118.56981914184, 36.4965220968174], 
            [-118.431512404374, 36.4013558379017], 
            [-118.336031382742, 36.1990443504165], 
            [-118.303952565359, 36.009080554624], 
            [-118.373407206977, 35.8400080099618], 
            [-118.543549944874, 35.7597075444677], 
            [-119.159117898972, 35.799745361959], 
            [-119.317803274002, 35.6849109298956], 
            [-119.608455166073, 35.3712184070039], 
            [-119.675058956805, 35.3095069282023], 
            [-119.774245185267, 35.3777564782789], 
            [-119.765980415664, 35.1690957771485], 
            [-119.766870744489, 35.1465947395557], 
            [-119.762239235952, 35.0297098532272], 
            [-119.830587711454, 34.5713164131221], 
            [-119.912713800701, 34.3926391090077], 
            [-120.000748435792, 34.4272450213408], 
            [-120.205290241951, 34.4376501774138]
          ], 
          [
            [-120.85796422367, 36.6207364578214], 
            [-120.837126931862, 36.7072422454333], 
            [-120.862964454246, 36.8380036709327], 
            [-120.919414899078, 36.8268520775614], 
            [-120.881652366364, 36.6377156580513], 
            [-120.85796422367, 36.6207364578214]
          ], 
          [
            [-120.497866683201, 36.125605712134], 
            [-120.508541635888, 36.1450670412111], 
            [-120.5892018302, 36.1785847738683], 
            [-120.571422233349, 36.1354442953181], 
            [-120.497866683201, 36.125605712134]
          ], 
          [
            [-120.655409919232, 35.2928784635703], 
            [-120.644995769939, 35.30497434509], 
            [-120.575801931714, 35.3258026436772], 
            [-120.483873232164, 35.3595631932868], 
            [-120.338470843754, 35.4734353507609], 
            [-120.262397191877, 35.6533537192988], 
            [-120.321500636745, 35.8143053858849], 
            [-120.496346828943, 35.9398507435171], 
            [-120.61632538311, 35.9302100111831], 
            [-120.770738978421, 35.8092781756473], 
            [-120.847172359117, 35.6379843055314], 
            [-120.890888403777, 35.3887641801229], 
            [-120.845877335371, 35.3499854134961], 
            [-120.807647155192, 35.3056038705223], 
            [-120.655409919232, 35.2928784635703]
          ]
        ]
      }, 
      "properties" : {
        "OBJECTID" : 66, 
        "Id" : 66, 
        "gridcode" : 2, 
        "Unixtime" : 1790650800, 
        "Timestamp" : 1790650800000, 
        "Shape__Area" : 100813239756.30469, 
        "Shape__Length" : 2232346.0760361063
      }
    }, 
    {
      "type" : "Feature", 
      "id" : 67, 
      "geometry" : 
      {
        "type" : "Polygon", 
        "coordinates" : 
        [
          [
            [-119.079986552138, 34.0775526369447], 
            [-119.045596477096, 34.2007057979343], 
            [-119.021791422536, 34.3030126738959], 
            [-118.964963262445, 34.3357390031526], 
            [-118.758164157949, 34.2615359411309], 
            [-118.742399042482, 34.0100315377254], 
            [-118.757444700313, 33.985605950954], 
            [-118.815280101096, 33.9675925303711], 
            [-118.863510742427, 34.0014520054058], 
            [-118.962004492913, 34.019177642934], 
            [-119.065822229912, 34.0545569722266], 
            [-119.079986552138, 34.0775526369447]
          ]
        ]
      }, 
      "properties" : {
        "OBJECTID" : 67, 
        "Id" : 67, 
        "gridcode" : 2, 
        "Unixtime" : 1790650800, 
        "Timestamp" : 1790650800000, 
        "Shape__Area" : 1335445856.7890625, 
        "Shape__Length" : 142492.01544749731
      }
    }, 
    {
      "type" : "Feature", 
      "id" : 68, 
      "geometry" : 
      {
        "type" : "Polygon", 
        "coordinates" : 
        [
          [
            [-119.777680595483, 33.9200094009132], 
            [-119.888153315623, 33.9387782520148], 
            [-119.922516411004, 34.0227389582364], 
            [-119.96752747941, 34.0574797688763], 
            [-119.937589048496, 34.1075180475199], 
            [-119.655156959926, 34.0611220231629], 
            [-119.500626452749, 34.0839558099128], 
            [-119.489034191575, 34.0055169410541], 
            [-119.539917832942, 33.9748230796215], 
            [-119.764856263106, 33.9366108858837], 
            [-119.777680595483, 33.9200094009132]
          ]
        ]
      }, 
      "properties" : {
        "OBJECTID" : 68, 
        "Id" : 68, 
        "gridcode" : 1, 
        "Unixtime" : 1790650800, 
        "Timestamp" : 1790650800000, 
        "Shape__Area" : 837962710.890625, 
        "Shape__Length" : 134162.34887225911
      }
    }, 
    {
      "type" : "Feature", 
      "id" : 69, 
      "geometry" : 
      {
        "type" : "Polygon", 
        "coordinates" : 
        [
          [
            [-120.04774700592, 33.8749983325071], 
            [-120.181368275525, 33.8886230615051], 
            [-120.238214422058, 33.9546063200257], 
            [-120.262397191877, 33.9754346186128], 
            [-120.28333340911, 33.9997432935182], 
            [-120.427467753434, 33.9881600255648], 
            [-120.485779794902, 34.0383961550586], 
            [-120.451803408001, 34.0852688201001], 
            [-120.352536240555, 34.0932458066487], 
            [-120.250849896805, 34.0365165719823], 
            [-120.022008408961, 34.0548987146041], 
            [-119.99232178822, 34.0204456870189], 
            [-119.947850313041, 33.9821345678561], 
            [-119.943758397732, 33.9312599197096], 
            [-120.033942412512, 33.8910152581477], 
            [-120.04774700592, 33.8749983325071]
          ]
        ]
      }, 
      "properties" : {
        "OBJECTID" : 69, 
        "Id" : 69, 
        "gridcode" : 1, 
        "Unixtime" : 1790650800, 
        "Timestamp" : 1790650800000, 
        "Shape__Area" : 898198303.94921875, 
        "Shape__Length" : 150640.42077548828
      }
    }, 
    {
      "type" : "Feature", 
      "id" : 70, 
      "geometry" : 
      {
        "type" : "Polygon", 
        "coordinates" : 
        [
          [
            [-117.527064222636, 33.8074772332878], 
            [-117.621529010356, 33.8337824031355], 
            [-117.671909031377, 33.917311434775], 
            [-117.647492437826, 34.0205715921054], 
            [-117.469354726939, 34.0423441788408], 
            [-117.377399047728, 34.0784969250931], 
            [-117.294769338134, 34.0147170055854], 
            [-117.283599758322, 33.9390930147309], 
            [-117.399900085321, 33.8528570237327], 
            [-117.517261612333, 33.8201846537988], 
            [-117.527064222636, 33.8074772332878]
          ]
        ]
      }, 
      "properties" : {
        "OBJECTID" : 70, 
        "Id" : 70, 
        "gridcode" : 2, 
        "Unixtime" : 1790650800, 
        "Timestamp" : 1790650800000, 
        "Shape__Area" : 1050378862.015625, 
        "Shape__Length" : 125075.36953338164
      }
    }, 
    {
      "type" : "Feature", 
      "id" : 71, 
      "geometry" : 
      {
        "type" : "Polygon", 
        "coordinates" : 
        [
          [
            [-78.2764592911633, 33.8749983325071], 
            [-78.4961097076968, 34.3298484437507], 
            [-78.5907543598258, 34.5135529581026], 
            [-79.0531407898155, 34.5386980025109], 
            [-79.1696209812232, 34.5625570163933], 
            [-79.2809030912047, 34.6198887968306], 
            [-79.4037954488008, 34.8073254976737], 
            [-79.4352987000749, 35.0373630838394], 
            [-79.3880393265536, 35.1754449907938], 
            [-79.2634652367312, 35.2951267686855], 
            [-79.0870812038344, 35.3523686169182], 
            [-78.8885468689428, 35.3483126744904], 
            [-78.6668639845852, 35.272436873463], 
            [-78.3779657705039, 35.0113277106054], 
            [-78.2779521657598, 34.9892763340357], 
            [-78.0014556026939, 35.1089041526046], 
            [-77.7849168404398, 35.1943127673204], 
            [-77.5810495258149, 35.2440093035865], 
            [-77.2020122630554, 35.2362751339903], 
            [-76.9697533514359, 35.1567750651172], 
            [-76.6900102357837, 34.992055239158], 
            [-76.8250434410019, 34.6966908995655], 
            [-76.8360691292868, 34.6627055194443], 
            [-77.0215183284081, 34.6373626241858], 
            [-77.1905369137475, 34.5838529624443], 
            [-77.5640613323645, 34.3821080478482], 
            [-77.8014104067648, 34.1621968279214], 
            [-77.9514892698139, 33.8055796637706], 
            [-78.0990860040158, 33.8836767902517], 
            [-78.1864371543512, 33.8871391801292], 
            [-78.2201977039608, 33.885808183501], 
            [-78.2430404839311, 33.886707505547], 
            [-78.2764592911633, 33.8749983325071]
          ]
        ]
      }, 
      "properties" : {
        "OBJECTID" : 71, 
        "Id" : 71, 
        "gridcode" : 2, 
        "Unixtime" : 1790650800, 
        "Timestamp" : 1790650800000, 
        "Shape__Area" : 32693683878.845703, 
        "Shape__Length" : 865177.58694271161
      }
    }, 
    {
      "type" : "Feature", 
      "id" : 72, 
      "geometry" : 
      {
        "type" : "Polygon", 
        "coordinates" : 
        [
          [
            [-118.449813608012, 33.8974993700999], 
            [-118.349377321906, 33.9771073576185], 
            [-118.273168771721, 34.0000580562344], 
            [-118.119123898449, 34.1092807187302], 
            [-118.130761125725, 33.9644718828712], 
            [-118.077907969077, 33.8697552849785], 
            [-118.06721502995, 33.6724440280695], 
            [-118.144170017432, 33.7040641912095], 
            [-118.293331571994, 33.6745934077596], 
            [-118.453572774164, 33.7315204932762], 
            [-118.430208387407, 33.8497813423352], 
            [-118.449813608012, 33.8974993700999]
          ]
        ]
      }, 
      "properties" : {
        "OBJECTID" : 72, 
        "Id" : 72, 
        "gridcode" : 2, 
        "Unixtime" : 1790650800, 
        "Timestamp" : 1790650800000, 
        "Shape__Area" : 1633815599.875, 
        "Shape__Length" : 175836.09424873564
      }
    }, 
    {
      "type" : "Feature", 
      "id" : 73, 
      "geometry" : 
      {
        "type" : "Polygon", 
        "coordinates" : 
        [
          [
            [-99.9498148320887, 34.7077255810708], 
            [-99.9381326387103, 34.7185444252851], 
            [-99.8537042850247, 34.8492878643435], 
            [-99.7224752120613, 34.9499220012994], 
            [-99.4728234120707, 35.0869786811213], 
            [-99.5546707114841, 35.2604039444865], 
            [-99.8185407930231, 35.7153170082734], 
            [-99.8906214550161, 35.9209829669905], 
            [-100.028793294175, 36.451133313152], 
            [-100.095675874742, 36.564906545201], 
            [-100.10735806812, 36.5757253894152], 
            [-100.22016003236, 36.7019722182434], 
            [-100.511027761722, 36.9288441908068], 
            [-100.557477745402, 36.9808339982904], 
            [-100.557477745402, 37.0033440291037], 
            [-100.579987776215, 37.0033440291037], 
            [-100.590401925508, 37.1054530542152], 
            [-100.614584695327, 37.261323551241], 
            [-100.639001288878, 37.500678113804], 
            [-100.70734976438, 37.8140378875386], 
            [-100.702826174488, 37.8703084679615], 
            [-100.797039152035, 38.184837360356], 
            [-100.852275512105, 38.5923651455351], 
            [-100.815772030255, 38.8713618238891], 
            [-100.737297188514, 39.2168094082277], 
            [-100.635412993914, 39.5569419992739], 
            [-100.624998844621, 39.6140489491997], 
            [-100.547675135099, 39.6013415286887], 
            [-100.399943502591, 39.5915389183864], 
            [-100.230915924031, 39.6025735998918], 
            [-99.939454642118, 39.627385895143], 
            [-99.7703820974558, 39.6239324984861], 
            [-99.5239228907288, 39.5734535520399], 
            [-99.3031123487559, 39.4779185710853], 
            [-99.0557718064236, 39.2603276020373], 
            [-98.9172042655644, 39.0489869212095], 
            [-98.8071812064475, 38.7528851375391], 
            [-98.6988848456591, 38.1343224410279], 
            [-98.6536939128437, 38.0466025686537], 
            [-98.6086198918944, 38.0033002121352], 
            [-98.5058993277917, 38.0053956325025], 
            [-98.0816261661146, 38.3370656030952], 
            [-97.8208947185164, 38.5080087376132], 
            [-97.5573124200321, 38.6198933933655], 
            [-97.2706894907273, 38.7129012793706], 
            [-97.0746642643443, 38.7799996972283], 
            [-96.9011850416563, 38.8975950479731], 
            [-96.7329578597174, 38.7617974190158], 
            [-96.4675409442591, 38.418804983863], 
            [-96.3464202510937, 38.2051800250382], 
            [-96.2915705995035, 38.0921082641851], 
            [-96.2438795514001, 37.6045767897871], 
            [-96.2009818898023, 37.4371679909102], 
            [-96.1510155569223, 37.3401761082409], 
            [-95.9721314087375, 37.1683156652359], 
            [-95.6992321338558, 37.0797504301383], 
            [-95.5688574168362, 37.0824124233947], 
            [-95.4330687810993, 37.1288893867359], 
            [-95.2766856705072, 37.2349014695273], 
            [-95.0099557448617, 37.4649390556929], 
            [-94.8575746173746, 37.5910060201118], 
            [-94.7593056974, 37.6228869866452], 
            [-94.6727549436856, 37.6211243154349], 
            [-94.1712839775735, 37.143746186937], 
            [-94.039155582564, 36.942217109632], 
            [-93.9036637231023, 36.4618352455003], 
            [-93.8574295767135, 36.2249897914458], 
            [-93.8851017160713, 36.0898756472434], 
            [-93.9509680627258, 36.0265903548611], 
            [-94.4022928315489, 36.0020478562237], 
            [-94.5806373865061, 35.9759855033284], 
            [-94.759287710959, 35.9035181328557], 
            [-94.9014255603413, 35.7956624398698], 
            [-95.037151243535, 35.5886474980837], 
            [-95.171204187723, 35.3123397926474], 
            [-95.2411894293487, 35.2593427444722], 
            [-95.504636829526, 35.3268638436915], 
            [-95.6431414178421, 35.3538974643965], 
            [-95.892037787314, 35.3488252880567], 
            [-96.1088553394023, 35.2932561788297], 
            [-96.2950329893809, 35.1670543161039], 
            [-96.3855317668775, 35.0290263684722], 
            [-96.5032350362679, 34.7306133271434], 
            [-96.6009373833535, 34.6367330987536], 
            [-97.0588541827743, 34.7397414459111], 
            [-97.8682260378013, 34.7637623377617], 
            [-97.9467728253056, 34.7977477178829], 
            [-97.9220414690385, 34.7176540964595], 
            [-97.8011276199437, 34.4033680210174], 
            [-97.7875568502683, 34.1756506857307], 
            [-97.8941714788306, 34.0287464295042], 
            [-98.0434679316996, 33.9244520518208], 
            [-98.1744721741514, 33.8532617186535], 
            [-98.35206129859, 33.789544751689], 
            [-98.5532126606357, 33.7356663679086], 
            [-98.7423940462482, 33.7020497098263], 
            [-99.0151854024843, 33.6605549906204], 
            [-99.3196508811832, 33.6499339972562], 
            [-99.3311262304911, 33.6609596855411], 
            [-99.5118180159886, 33.9796704254498], 
            [-99.8368330034403, 34.5393724940454], 
            [-99.9387891438039, 34.6737402009496], 
            [-99.9498148320887, 34.7077255810708]
          ], 
          [
            [-97.95447102202, 34.8239269826442], 
            [-97.9743910053406, 34.805868595959], 
            [-97.9467728253056, 34.7977477178829], 
            [-97.95447102202, 34.8239269826442]
          ]
        ]
      }, 
      "properties" : {
        "OBJECTID" : 73, 
        "Id" : 73, 
        "gridcode" : 2, 
        "Unixtime" : 1790650800, 
        "Timestamp" : 1790650800000, 
        "Shape__Area" : 346415797748.91406, 
        "Shape__Length" : 3072356.1250544125
      }
    }, 
    {
      "type" : "Feature", 
      "id" : 74, 
      "geometry" : 
      {
        "type" : "Polygon", 
        "coordinates" : 
        [
          [
            [-86.0410619454524, 33.6274329596634], 
            [-86.2386519921956, 33.6417141937551], 
            [-86.363127156593, 33.8023331111842], 
            [-86.3934163231048, 33.9441022385276], 
            [-86.3491786716583, 34.0404825822055], 
            [-86.2660813146009, 34.0856375421389], 
            [-86.04355306752, 34.1331846987149], 
            [-85.7463451177329, 34.0732538775645], 
            [-85.6528965639253, 33.9897518255864], 
            [-85.6028223123997, 33.8501950304764], 
            [-85.6729604387731, 33.7626550225113], 
            [-85.7617055382799, 33.7144333744008], 
            [-85.8614943125124, 33.678622370526], 
            [-86.0304409520882, 33.6393130038921], 
            [-86.0410619454524, 33.6274329596634]
          ]
        ]
      }, 
      "properties" : {
        "OBJECTID" : 74, 
        "Id" : 74, 
        "gridcode" : 2, 
        "Unixtime" : 1790650800, 
        "Timestamp" : 1790650800000, 
        "Shape__Area" : 4449491868.71875, 
        "Shape__Length" : 245830.23682728049
      }
    }, 
    {
      "type" : "Feature", 
      "id" : 75, 
      "geometry" : 
      {
        "type" : "Polygon", 
        "coordinates" : 
        [
          [
            [-84.375607448325, 33.6049229288502], 
            [-84.4523196188553, 33.6170098171494], 
            [-84.4249802286546, 33.7192177676859], 
            [-84.3001363422184, 33.7716572361926], 
            [-84.3218010103083, 33.6863475469018], 
            [-84.375607448325, 33.6049229288502]
          ]
        ]
      }, 
      "properties" : {
        "OBJECTID" : 75, 
        "Id" : 75, 
        "gridcode" : 2, 
        "Unixtime" : 1790650800, 
        "Timestamp" : 1790650800000, 
        "Shape__Area" : 207412667.6796875, 
        "Shape__Length" : 62364.16402702812
      }
    }, 
    {
      "type" : "Feature", 
      "id" : 76, 
      "geometry" : 
      {
        "type" : "Polygon", 
        "coordinates" : 
        [
          [
            [-95.8312076441174, 33.4248786552258], 
            [-95.839319528973, 33.3972514819704], 
            [-95.8573869088787, 33.4171804585114], 
            [-95.8312076441174, 33.4248786552258]
          ]
        ]
      }, 
      "properties" : {
        "OBJECTID" : 76, 
        "Id" : 76, 
        "gridcode" : 2, 
        "Unixtime" : 1790650800, 
        "Timestamp" : 1790650800000, 
        "Shape__Area" : 4904940.58984375, 
        "Shape__Length" : 10216.033205693037
      }
    }, 
    {
      "type" : "Feature", 
      "id" : 77, 
      "geometry" : 
      {
        "type" : "Polygon", 
        "coordinates" : 
        [
          [
            [-95.8312076441174, 33.4248786552258], 
            [-95.8118722201268, 33.5002148630256], 
            [-95.7643070771099, 33.569102931755], 
            [-95.7742985450417, 33.4641610421984], 
            [-95.8312076441174, 33.4248786552258]
          ]
        ]
      }, 
      "properties" : {
        "OBJECTID" : 77, 
        "Id" : 77, 
        "gridcode" : 2, 
        "Unixtime" : 1790650800, 
        "Timestamp" : 1790650800000, 
        "Shape__Area" : 58181970.16015625, 
        "Shape__Length" : 43173.072641303617
      }
    }, 
    {
      "type" : "Feature", 
      "id" : 78, 
      "geometry" : 
      {
        "type" : "Polygon", 
        "coordinates" : 
        [
          [
            [-118.2922793652, 33.2673354191943], 
            [-118.488079761072, 33.303047497644], 
            [-118.527748856524, 33.391954475119], 
            [-118.617375291636, 33.431947326508], 
            [-118.623382762904, 33.5067439410801], 
            [-118.562345775637, 33.5018336427085], 
            [-118.527964693816, 33.5046035546104], 
            [-118.449552804618, 33.4608515370688], 
            [-118.366005786538, 33.4356974994402], 
            [-118.326867291093, 33.3902817361133], 
            [-118.266288958069, 33.3380850845591], 
            [-118.2922793652, 33.2673354191943]
          ]
        ]
      }, 
      "properties" : {
        "OBJECTID" : 78, 
        "Id" : 78, 
        "gridcode" : 2, 
        "Unixtime" : 1790650800, 
        "Timestamp" : 1790650800000, 
        "Shape__Area" : 658588055.16796875, 
        "Shape__Length" : 114338.21290197145
      }
    }, 
    {
      "type" : "Feature", 
      "id" : 79, 
      "geometry" : 
      {
        "type" : "Polygon", 
        "coordinates" : 
        [
          [
            [-119.46259412342, 33.1773042891617], 
            [-119.493674693332, 33.1912347876554], 
            [-119.583049318271, 33.2122789235336], 
            [-119.619750650972, 33.2941981687106], 
            [-119.550206077149, 33.3158628368005], 
            [-119.41399476005, 33.2694398327822], 
            [-119.400001309013, 33.2245097033602], 
            [-119.4540145911, 33.1912347876554], 
            [-119.46259412342, 33.1773042891617]
          ]
        ]
      }, 
      "properties" : {
        "OBJECTID" : 79, 
        "Id" : 79, 
        "gridcode" : 1, 
        "Unixtime" : 1790650800, 
        "Timestamp" : 1790650800000, 
        "Shape__Area" : 276642329.42578125, 
        "Shape__Length" : 66273.7132582574
      }
    }, 
    {
      "type" : "Feature", 
      "id" : 80, 
      "geometry" : 
      {
        "type" : "Polygon", 
        "coordinates" : 
        [
          [
            [-90.6998199407376, 33.1773042891617], 
            [-91.1100996513778, 33.1902725130661], 
            [-91.3157925897562, 33.3427435727577], 
            [-91.4501962695422, 33.5198830361733], 
            [-91.6117055157969, 33.8333867014352], 
            [-91.6106443157825, 33.8854124818007], 
            [-91.7100463815352, 33.9527986827131], 
            [-92.0338562774452, 33.8864736818151], 
            [-92.2671584026381, 33.9231390416335], 
            [-92.4098538316889, 34.028917300693], 
            [-92.4892729615779, 34.1335893936357], 
            [-92.7249133240906, 34.4718603880465], 
            [-92.9803297783965, 34.7761190226748], 
            [-93.0289741078687, 34.9182208991752], 
            [-92.9958430836913, 35.126342007078], 
            [-92.8541009360093, 35.3651120103111], 
            [-92.666619269064, 35.560255901089], 
            [-92.5168821483924, 35.6617533872092], 
            [-92.2931308233288, 35.7525129680991], 
            [-92.1376560280032, 35.7556875749217], 
            [-91.9656337070299, 35.7221068897213], 
            [-91.7863628503652, 35.579969040339], 
            [-91.6373092144486, 35.3341753319261], 
            [-91.5453715216783, 35.0655838096452], 
            [-91.5125912330989, 34.841274904913], 
            [-91.5215215010164, 34.4038896278042], 
            [-91.5210628467729, 34.3813795969909], 
            [-91.5246511417367, 34.2052923403693], 
            [-91.4811329479272, 34.1600024821289], 
            [-91.1456498518591, 34.2459776697337], 
            [-90.7577452737253, 34.2538917037392], 
            [-90.6023694038249, 34.2034667166158], 
            [-90.3976297468153, 34.0692339080185], 
            [-90.2907363284187, 33.8304728980059], 
            [-90.238665581951, 33.5762345555803], 
            [-90.2909521657098, 33.403645661718], 
            [-90.4640716595794, 33.2638910157578], 
            [-90.5868381120891, 33.2218656965447], 
            [-90.6887852592322, 33.1887886316901], 
            [-90.6998199407376, 33.1773042891617]
          ]
        ]
      }, 
      "properties" : {
        "OBJECTID" : 80, 
        "Id" : 80, 
        "gridcode" : 2, 
        "Unixtime" : 1790650800, 
        "Timestamp" : 1790650800000, 
        "Shape__Area" : 49053557973.492188, 
        "Shape__Length" : 1086254.4256487996
      }
    }, 
    {
      "type" : "Feature", 
      "id" : 81, 
      "geometry" : 
      {
        "type" : "Polygon", 
        "coordinates" : 
        [
          [
            [-118.539844738044, 33.0197700463506], 
            [-118.517334707231, 33.0197700463506], 
            [-118.517334707231, 32.9972600155374], 
            [-118.535644904089, 32.9663772964751], 
            [-118.591348911623, 32.9892290696659], 
            [-118.539844738044, 33.0197700463506]
          ]
        ]
      }, 
      "properties" : {
        "OBJECTID" : 81, 
        "Id" : 81, 
        "gridcode" : 2, 
        "Unixtime" : 1790650800, 
        "Timestamp" : 1790650800000, 
        "Shape__Area" : 33186362.640625, 
        "Shape__Length" : 23995.733323485798
      }
    }, 
    {
      "type" : "Feature", 
      "id" : 82, 
      "geometry" : 
      {
        "type" : "Polygon", 
        "coordinates" : 
        [
          [
            [-118.539844738044, 33.0197700463506], 
            [-118.591348911623, 32.9892290696659], 
            [-118.535644904089, 32.9663772964751], 
            [-118.517334707231, 32.9972600155374], 
            [-118.45076688938, 32.9512956657625], 
            [-118.404802539605, 32.8847278479119], 
            [-118.457556770828, 32.8711930511185], 
            [-118.494833669638, 32.8172067486926], 
            [-118.542866460119, 32.8601313899518], 
            [-118.64048786822, 33.0397709686554], 
            [-118.588920742099, 33.0746916437045], 
            [-118.539844738044, 33.0197700463506]
          ]
        ]
      }, 
      "properties" : {
        "OBJECTID" : 82, 
        "Id" : 82, 
        "gridcode" : 1, 
        "Unixtime" : 1790650800, 
        "Timestamp" : 1790650800000, 
        "Shape__Area" : 337625566.37890625, 
        "Shape__Length" : 103203.31523148665
      }
    }, 
    {
      "type" : "Feature", 
      "id" : 83, 
      "geometry" : 
      {
        "type" : "Polygon", 
        "coordinates" : 
        [
          [
            [-118.494833669638, 32.8172067486926], 
            [-118.457556770828, 32.8711930511185], 
            [-118.404802539605, 32.8847278479119], 
            [-118.413993610916, 32.8489078508167], 
            [-118.449813608012, 32.7947057110998], 
            [-118.494833669638, 32.8172067486926]
          ]
        ]
      }, 
      "properties" : {
        "OBJECTID" : 83, 
        "Id" : 83, 
        "gridcode" : 2, 
        "Unixtime" : 1790650800, 
        "Timestamp" : 1790650800000, 
        "Shape__Area" : 60426912.58203125, 
        "Shape__Length" : 33310.136286836561
      }
    }, 
    {
      "type" : "Feature", 
      "id" : 84, 
      "geometry" : 
      {
        "type" : "Polygon", 
        "coordinates" : 
        [
          [
            [-118.449813608012, 32.7947057110998], 
            [-118.413993610916, 32.8489078508167], 
            [-118.404802539605, 32.8847278479119], 
            [-118.331930474212, 32.866030942574], 
            [-118.317793131648, 32.8029614874827], 
            [-118.437052228178, 32.7762246430529], 
            [-118.449813608012, 32.7947057110998]
          ]
        ]
      }, 
      "properties" : {
        "OBJECTID" : 84, 
        "Id" : 84, 
        "gridcode" : 1, 
        "Unixtime" : 1790650800, 
        "Timestamp" : 1790650800000, 
        "Shape__Area" : 129813486.50390625, 
        "Shape__Length" : 46623.536855825339
      }
    }, 
    {
      "type" : "Feature", 
      "id" : 85, 
      "geometry" : 
      {
        "type" : "Polygon", 
        "coordinates" : 
        [
          [
            [-84.2630752806996, 32.7496946426937], 
            [-84.4505479544245, 32.760729324199], 
            [-84.5685300136491, 32.8274320403565], 
            [-84.7257944598464, 32.9533641064684], 
            [-84.8100519423432, 33.0966980541719], 
            [-84.8173184644755, 33.155118014285], 
            [-84.7831622131656, 33.2361829035183], 
            [-84.7401476397018, 33.2898904161099], 
            [-84.5700588611275, 33.3898680479721], 
            [-84.3894300281732, 33.3639405933837], 
            [-84.2354481074441, 33.2406345476463], 
            [-84.1412351298973, 33.0803573725947], 
            [-84.1217738008202, 32.9239203026799], 
            [-84.2127761986626, 32.7944539009268], 
            [-84.2530658263267, 32.7621862259137], 
            [-84.2630752806996, 32.7496946426937]
          ]
        ]
      }, 
      "properties" : {
        "OBJECTID" : 85, 
        "Id" : 85, 
        "gridcode" : 2, 
        "Unixtime" : 1790650800, 
        "Timestamp" : 1790650800000, 
        "Shape__Area" : 4645998649.4257813, 
        "Shape__Length" : 250039.59452774044
      }
    }, 
    {
      "type" : "Feature", 
      "id" : 86, 
      "geometry" : 
      {
        "type" : "Polygon", 
        "coordinates" : 
        [
          [
            [-83.6104012989807, 32.6821735434743], 
            [-83.8234237120346, 32.6939636554984], 
            [-83.9583579918278, 32.7797769651349], 
            [-83.9671983275407, 32.9280751705328], 
            [-83.8715914008224, 33.0350765075748], 
            [-83.7198757716495, 33.1410526174844], 
            [-83.5456501116632, 33.1514307938961], 
            [-83.4283155643118, 33.0768050505127], 
            [-83.3747249635861, 32.9274456451005], 
            [-83.4261931642831, 32.7951193992409], 
            [-83.5997803056165, 32.6940625809235], 
            [-83.6104012989807, 32.6821735434743]
          ]
        ]
      }, 
      "properties" : {
        "OBJECTID" : 86, 
        "Id" : 86, 
        "gridcode" : 2, 
        "Unixtime" : 1790650800, 
        "Timestamp" : 1790650800000, 
        "Shape__Area" : 3079377632.6601563, 
        "Shape__Length" : 202470.80116003175
      }
    }, 
    {
      "type" : "Feature", 
      "id" : 87, 
      "geometry" : 
      {
        "type" : "Polygon", 
        "coordinates" : 
        [
          [
            [-117.166966682167, 32.5921514066622], 
            [-117.002759469774, 32.5826905387374], 
            [-116.928034800965, 32.3598924950427], 
            [-116.919401309323, 32.1420317293809], 
            [-116.931695041693, 32.1522390346038], 
            [-116.958926513248, 32.2150296998608], 
            [-117.061530165485, 32.2595281547007], 
            [-117.155851061677, 32.4807433915943], 
            [-117.166966682167, 32.5921514066622]
          ]
        ]
      }, 
      "properties" : {
        "OBJECTID" : 87, 
        "Id" : 87, 
        "gridcode" : 2, 
        "Unixtime" : 1790650800, 
        "Timestamp" : 1790650800000, 
        "Shape__Area" : 907302706.85546875, 
        "Shape__Length" : 146868.6094764357
      }
    }, 
    {
      "type" : "Feature", 
      "id" : 88, 
      "geometry" : 
      {
        "type" : "Polygon", 
        "coordinates" : 
        [
          [
            [-106.454071598126, 31.7144130896924], 
            [-106.508282731063, 31.7283256017452], 
            [-106.484846398542, 31.8136262978155], 
            [-106.423197872284, 31.7879236737386], 
            [-106.454071598126, 31.7144130896924]
          ]
        ]
      }, 
      "properties" : {
        "OBJECTID" : 88, 
        "Id" : 88, 
        "gridcode" : 2, 
        "Unixtime" : 1790650800, 
        "Timestamp" : 1790650800000, 
        "Shape__Area" : 74883175.00390625, 
        "Shape__Length" : 35635.96898819245
      }
    }, 
    {
      "type" : "Feature", 
      "id" : 89, 
      "geometry" : 
      {
        "type" : "Polygon", 
        "coordinates" : 
        [
          [
            [-80.4145345031647, 32.3445860338185], 
            [-80.4268012558732, 32.3038647315722], 
            [-80.6222419229263, 32.2296976424323], 
            [-80.6989540934566, 32.1406467734299], 
            [-80.8318648986461, 32.0640155418838], 
            [-80.8246253561752, 31.9739574321898], 
            [-80.888836950265, 31.9186401331357], 
            [-80.9200883913661, 31.8823704750175], 
            [-80.9742275785399, 31.8357226404876], 
            [-81.1035770684269, 31.6793485231159], 
            [-81.0986218039531, 31.6176730171961], 
            [-81.1226426958037, 31.5897940337677], 
            [-81.134729584103, 31.5793798844742], 
            [-81.2640610875491, 31.6173312748186], 
            [-81.5492451015801, 31.7389286086685], 
            [-81.7436335618394, 31.8502646779726], 
            [-81.8358590376644, 31.9997859613531], 
            [-81.8728481534195, 32.1666012076797], 
            [-81.8622361532758, 32.2707786734971], 
            [-81.7964417523849, 32.4250843501627], 
            [-81.6270544450066, 32.6171255798817], 
            [-81.4561472833704, 32.7225441101227], 
            [-81.2941074371085, 32.792817134803], 
            [-81.0514163897545, 32.8360655319988], 
            [-80.8128532305921, 32.7983389721659], 
            [-80.667127086246, 32.693469028373], 
            [-80.5330741420579, 32.5270314973058], 
            [-80.4268282355346, 32.3547933390415], 
            [-80.4145345031647, 32.3445860338185]
          ]
        ]
      }, 
      "properties" : {
        "OBJECTID" : 89, 
        "Id" : 89, 
        "gridcode" : 2, 
        "Unixtime" : 1790650800, 
        "Timestamp" : 1790650800000, 
        "Shape__Area" : 16810313463.591797, 
        "Shape__Length" : 500052.18216815859
      }
    }, 
    {
      "type" : "Feature", 
      "id" : 90, 
      "geometry" : 
      {
        "type" : "Polygon", 
        "coordinates" : 
        [
          [
            [-96.8214691354922, 31.33180551841], 
            [-97.0693672574929, 31.3460867525017], 
            [-97.2726410195673, 31.4667487914236], 
            [-97.4181063605201, 31.6354166411651], 
            [-97.5605679658389, 31.8527108339379], 
            [-97.6892429641914, 31.9189908687337], 
            [-97.9013120958764, 31.9624281235591], 
            [-98.0729207287086, 31.9959278697755], 
            [-98.1826380183298, 32.0524502603713], 
            [-98.2508336090837, 32.0855363184464], 
            [-98.354813224051, 33.0632432740579], 
            [-98.3884118956924, 33.2010553843986], 
            [-98.467102574724, 33.4309580722573], 
            [-98.0932903730522, 33.4813650729399], 
            [-97.6316413871402, 33.5350725855315], 
            [-97.1930510184897, 33.6389083089713], 
            [-96.9026869094732, 33.7026432623767], 
            [-96.3669337869646, 33.886024020792], 
            [-96.0890162950659, 33.8567780678536], 
            [-96.0907070205125, 33.7739325209691], 
            [-95.9822218020944, 33.669701095829], 
            [-95.9327051302375, 33.5735905487649], 
            [-95.9608808899411, 33.3689678036213], 
            [-96.3844795600835, 32.9115366381054], 
            [-96.4935853107135, 32.6997552894751], 
            [-96.6159380750821, 32.3895431429018], 
            [-96.719971649372, 32.3106006536973], 
            [-96.9112844282337, 32.174883963724], 
            [-96.96254578486, 32.0753739793258], 
            [-96.767302968657, 31.7534256800512], 
            [-96.6979112795818, 31.5506915112044], 
            [-96.7205741951429, 31.4296337705821], 
            [-96.8104434472073, 31.3432898609384], 
            [-96.8214691354922, 31.33180551841]
          ]
        ]
      }, 
      "properties" : {
        "OBJECTID" : 90, 
        "Id" : 90, 
        "gridcode" : 2, 
        "Unixtime" : 1790650800, 
        "Timestamp" : 1790650800000, 
        "Shape__Area" : 53660676546.511719, 
        "Shape__Length" : 1040397.7113523432
      }
    }, 
    {
      "type" : "Feature", 
      "id" : 91, 
      "geometry" : 
      {
        "type" : "Polygon", 
        "coordinates" : 
        [
          [
            [-104.158453150093, 31.1967723131918], 
            [-104.428231777474, 31.2106758320241], 
            [-104.684394669079, 31.362742196795], 
            [-104.915970095943, 31.6220347291195], 
            [-104.998159137734, 31.7815744600933], 
            [-105.069610274295, 31.9903340866489], 
            [-105.078018935425, 32.402115665106], 
            [-105.011334205709, 32.5711702233272], 
            [-104.915781238313, 32.6706262484027], 
            [-104.780954877166, 32.6733781738637], 
            [-104.341752969524, 32.2605533818332], 
            [-103.934189211463, 31.9284427434379], 
            [-103.832934542295, 31.7318869170477], 
            [-103.82932826089, 31.555134162112], 
            [-103.875553414059, 31.4126815500136], 
            [-104.006081015826, 31.276820968513], 
            [-104.147427461808, 31.2082476624997], 
            [-104.158453150093, 31.1967723131918]
          ]
        ]
      }, 
      "properties" : {
        "OBJECTID" : 91, 
        "Id" : 91, 
        "gridcode" : 2, 
        "Unixtime" : 1790650800, 
        "Timestamp" : 1790650800000, 
        "Shape__Area" : 17203662126.011719, 
        "Shape__Length" : 517858.71056658536
      }
    }, 
    {
      "type" : "Feature", 
      "id" : 92, 
      "geometry" : 
      {
        "type" : "Polygon", 
        "coordinates" : 
        [
          [
            [-97.4291320488049, 31.1067501763796], 
            [-97.4567592220604, 31.1148710544557], 
            [-97.4368302455193, 31.1329294411409], 
            [-97.4291320488049, 31.1067501763796]
          ]
        ]
      }, 
      "properties" : {
        "OBJECTID" : 92, 
        "Id" : 92, 
        "gridcode" : 2, 
        "Unixtime" : 1790650800, 
        "Timestamp" : 1790650800000, 
        "Shape__Area" : 4782229.26953125, 
        "Shape__Length" : 9992.5150345122511
      }
    }, 
    {
      "type" : "Feature", 
      "id" : 93, 
      "geometry" : 
      {
        "type" : "Polygon", 
        "coordinates" : 
        [
          [
            [-110.932785319787, 31.1067501763796], 
            [-111.072854728463, 31.1242689698372], 
            [-111.087252874421, 31.2400207103876], 
            [-111.042781399242, 31.2955628399532], 
            [-110.930276211278, 31.3095562909901], 
            [-110.877764797008, 31.2202356253739], 
            [-110.897783705753, 31.1617706991585], 
            [-110.932785319787, 31.1067501763796]
          ]
        ]
      }, 
      "properties" : {
        "OBJECTID" : 93, 
        "Id" : 93, 
        "gridcode" : 2, 
        "Unixtime" : 1790650800, 
        "Timestamp" : 1790650800000, 
        "Shape__Area" : 471368759.90234375, 
        "Shape__Length" : 81419.816050332884
      }
    }, 
    {
      "type" : "Feature", 
      "id" : 94, 
      "geometry" : 
      {
        "type" : "Polygon", 
        "coordinates" : 
        [
          [
            [-94.5258506874592, 31.0617391079736], 
            [-94.5416068097064, 31.0714427928507], 
            [-94.5692969355051, 31.1603407771053], 
            [-94.5344302197788, 31.1431817124661], 
            [-94.5258506874592, 31.0617391079736]
          ]
        ]
      }, 
      "properties" : {
        "OBJECTID" : 94, 
        "Id" : 94, 
        "gridcode" : 1, 
        "Unixtime" : 1790650800, 
        "Timestamp" : 1790650800000, 
        "Shape__Area" : 27676065.30078125, 
        "Shape__Length" : 29231.969245357992
      }
    }, 
    {
      "type" : "Feature", 
      "id" : 95, 
      "geometry" : 
      {
        "type" : "Polygon", 
        "coordinates" : 
        [
          [
            [-94.5933717866786, 30.634120468285], 
            [-94.6014926647546, 30.60650228825], 
            [-94.6195510514398, 30.6264222715707], 
            [-94.5933717866786, 30.634120468285]
          ]
        ]
      }, 
      "properties" : {
        "OBJECTID" : 95, 
        "Id" : 95, 
        "gridcode" : 2, 
        "Unixtime" : 1790650800, 
        "Timestamp" : 1790650800000, 
        "Shape__Area" : 4755586.17578125, 
        "Shape__Length" : 10033.025665464715
      }
    }, 
    {
      "type" : "Feature", 
      "id" : 96, 
      "geometry" : 
      {
        "type" : "Polygon", 
        "coordinates" : 
        [
          [
            [-94.5708617558653, 30.5665993690657], 
            [-94.5789826339413, 30.5389811890307], 
            [-94.597050013847, 30.5589011723513], 
            [-94.5708617558653, 30.5665993690657]
          ]
        ]
      }, 
      "properties" : {
        "OBJECTID" : 96, 
        "Id" : 96, 
        "gridcode" : 2, 
        "Unixtime" : 1790650800, 
        "Timestamp" : 1790650800000, 
        "Shape__Area" : 4754061.91015625, 
        "Shape__Length" : 10030.539116083533
      }
    }, 
    {
      "type" : "Feature", 
      "id" : 97, 
      "geometry" : 
      {
        "type" : "Polygon", 
        "coordinates" : 
        [
          [
            [-81.5623482237914, 30.4090561330342], 
            [-81.6546096724983, 30.4334007808215], 
            [-81.7067793443912, 30.5155718361714], 
            [-81.6797996830089, 30.6399570683641], 
            [-81.5478781320701, 30.6660194212594], 
            [-81.4629281715978, 30.5905123422709], 
            [-81.4843500227353, 30.4713341847249], 
            [-81.5529503084099, 30.422168248466], 
            [-81.5623482237914, 30.4090561330342]
          ]
        ]
      }, 
      "properties" : {
        "OBJECTID" : 97, 
        "Id" : 97, 
        "gridcode" : 2, 
        "Unixtime" : 1790650800, 
        "Timestamp" : 1790650800000, 
        "Shape__Area" : 655512201.33203125, 
        "Shape__Length" : 95369.922714628687
      }
    }, 
    {
      "type" : "Feature", 
      "id" : 98, 
      "geometry" : 
      {
        "type" : "Polygon", 
        "coordinates" : 
        [
          [
            [-114.736315028915, 31.6468919904731], 
            [-114.808872331593, 31.5272461854632], 
            [-114.842740799848, 31.3883009293445], 
            [-115.332952253943, 31.4103523059143], 
            [-115.851798121986, 31.4545270048175], 
            [-116.671548153425, 31.4788626593843], 
            [-116.706711645426, 31.5471212026815], 
            [-116.704463340311, 31.6571802346801], 
            [-116.790150744861, 31.7700991107854], 
            [-116.739357035699, 31.7711333311384], 
            [-116.638300217381, 31.7690738836529], 
            [-116.660360587171, 31.815919569033], 
            [-116.753899073184, 31.8852572987854], 
            [-116.79539379239, 31.9284427434379], 
            [-116.906909726103, 32.0015576257839], 
            [-116.919401309323, 32.1420317293809], 
            [-116.928034800965, 32.3598924950427], 
            [-117.002759469774, 32.5826905387374], 
            [-117.166966682167, 32.5921514066622], 
            [-117.184575407829, 32.6506163328775], 
            [-117.268518127609, 32.643871417532], 
            [-117.289912999086, 32.7842915618062], 
            [-117.314464490943, 32.8282953895207], 
            [-117.287116107522, 32.9027772413767], 
            [-117.34738867105, 33.1029933084945], 
            [-117.402445166711, 33.1668901398681], 
            [-117.42662793653, 33.1877274316757], 
            [-117.516398263169, 33.3037579620604], 
            [-117.672520570368, 33.4144555127118], 
            [-117.71920437778, 33.4352928045194], 
            [-117.8300638064, 33.5269876803372], 
            [-118.034290849843, 33.637847108957], 
            [-118.05512814165, 33.662029878776], 
            [-118.06721502995, 33.6724440280695], 
            [-118.077907969077, 33.8697552849785], 
            [-118.130761125725, 33.9644718828712], 
            [-118.119123898449, 34.1092807187302], 
            [-118.273168771721, 34.0000580562344], 
            [-118.349377321906, 33.9771073576185], 
            [-118.449813608012, 33.8974993700999], 
            [-118.531139300638, 33.9990508155428], 
            [-118.742399042482, 34.0100315377254], 
            [-118.758164157949, 34.2615359411309], 
            [-118.964963262445, 34.3357390031526], 
            [-119.021791422536, 34.3030126738959], 
            [-119.045596477096, 34.2007057979343], 
            [-119.079986552138, 34.0775526369447], 
            [-119.173408126284, 34.0892348303232], 
            [-119.261928395279, 34.1601283872154], 
            [-119.316355365508, 34.2497188494454], 
            [-119.530996558245, 34.3758937325098], 
            [-119.620137359452, 34.386982373338], 
            [-119.72141001506, 34.3743828714724], 
            [-119.800181633076, 34.3841854817746], 
            [-119.8685840679, 34.3756778952188], 
            [-119.912713800701, 34.3926391090077], 
            [-119.830587711454, 34.5713164131221], 
            [-119.762239235952, 35.0297098532272], 
            [-119.766870744489, 35.1465947395557], 
            [-119.765980415664, 35.1690957771485], 
            [-119.774245185267, 35.3777564782789], 
            [-119.675058956805, 35.3095069282023], 
            [-119.608455166073, 35.3712184070039], 
            [-119.317803274002, 35.6849109298956], 
            [-119.159117898972, 35.799745361959], 
            [-118.543549944874, 35.7597075444677], 
            [-118.373407206977, 35.8400080099618], 
            [-118.303952565359, 36.009080554624], 
            [-118.336031382742, 36.1990443504165], 
            [-118.431512404374, 36.4013558379017], 
            [-118.56981914184, 36.4965220968174], 
            [-118.755457198591, 36.4676628523588], 
            [-118.89129080043, 36.4200617364601], 
            [-118.886722244436, 36.5352469041214], 
            [-119.047862768652, 36.9586747030752], 
            [-119.138226647841, 37.0986092134445], 
            [-119.329818216537, 37.2455314561119], 
            [-119.666875126186, 37.3258229283855], 
            [-119.887137081711, 37.4297665704709], 
            [-120.007304493508, 37.5411116329955], 
            [-120.140134359713, 37.746804571374], 
            [-120.191035987521, 37.8017441551687], 
            [-120.323074450326, 37.8069782094769], 
            [-120.827225396135, 37.7800884802992], 
            [-120.909513363351, 37.6057369152265], 
            [-120.95536080126, 37.5562562162515], 
            [-121.133984146051, 37.4557030182797], 
            [-121.182439617894, 37.3174682265775], 
            [-121.093820423474, 37.1500054683777], 
            [-121.096401477746, 37.0848765658009], 
            [-121.049915521184, 36.9970217951198], 
            [-121.048377680486, 36.9583329606976], 
            [-121.049717670334, 36.924572411088], 
            [-121.045454883836, 36.8170494672592], 
            [-121.195227977389, 36.6554053226975], 
            [-121.380830061258, 36.6480488683607], 
            [-121.498155615389, 36.7922101923466], 
            [-121.500619757796, 36.8543623389509], 
            [-121.420948817734, 36.9629824556758], 
            [-121.23506794403, 37.1352116207198], 
            [-121.363922806792, 37.2400815645126], 
            [-121.483020025354, 37.316991585893], 
            [-121.556512622959, 37.3850882512219], 
            [-121.671131217731, 37.5087899986596], 
            [-121.814905833238, 37.5543136806319], 
            [-121.979283916819, 37.6218347798513], 
            [-122.325792701172, 37.5991538778493], 
            [-122.467579814956, 37.4876559305768], 
            [-122.478407652391, 37.4759737371983], 
            [-122.537043449795, 37.4949943984728], 
            [-122.533751931107, 37.6560180108226], 
            [-122.535928290458, 37.7624707614166], 
            [-122.648352539438, 37.8704883323707], 
            [-122.714066001345, 37.8691483425221], 
            [-122.764751791862, 37.8952556615196], 
            [-122.827029843552, 37.9600787946007], 
            [-122.851842138804, 37.9839198220422], 
            [-123.06569192814, 37.9795581101188], 
            [-123.005275473085, 38.0968386981475], 
            [-123.008917727371, 38.2755879480255], 
            [-123.089991609825, 38.2739331954607], 
            [-123.119606284802, 38.3651874034759], 
            [-123.149877464873, 38.423958099187], 
            [-123.342305403072, 38.5381809922591], 
            [-123.494803442425, 38.6969023401709], 
            [-123.7289329439, 38.8825314037014], 
            [-123.794790297334, 38.9516622893833], 
            [-123.749779228928, 38.9949016933585], 
            [-123.727718859138, 39.07534605038], 
            [-123.795239958357, 39.1749549602033], 
            [-123.820870636671, 39.2277901304102], 
            [-123.862302403333, 39.4035446378748], 
            [-123.816418992542, 39.5376065752833], 
            [-123.819188904444, 39.6732423262724], 
            [-123.862752064356, 39.7150967742968], 
            [-123.884812434146, 39.8055775653525], 
            [-123.919247475291, 39.8386546302071], 
            [-124.007470968011, 39.9304844043319], 
            [-124.109517040579, 40.028528493795], 
            [-124.13237780699, 40.0756439757889], 
            [-124.177838536419, 40.0977043455792], 
            [-124.244909974616, 40.1431650750083], 
            [-124.37518576621, 40.2285826829445], 
            [-124.402453210647, 40.3682294102592], 
            [-124.448012865501, 40.4354447399829], 
            [-124.411608309076, 40.5418255448132], 
            [-124.299606741458, 40.7265193134157], 
            [-124.217696489501, 40.8473432303059], 
            [-124.140300834216, 41.0068829612797], 
            [-124.200825207917, 41.0650421179994], 
            [-124.199889912989, 41.1107006982787], 
            [-124.200357560453, 41.1334175731625], 
            [-124.154887837803, 41.2004980045793], 
            [-124.094975003094, 41.4128998854214], 
            [-124.136433749418, 41.5746519486286], 
            [-124.183926946671, 41.7134083471176], 
            [-124.267860673231, 41.7406488118932], 
            [-124.297763131263, 41.7717653546874], 
            [-124.267411012208, 41.8306709487054], 
            [-124.244046625451, 41.8788386374932], 
            [-124.24616003226, 41.982476510083], 
            [-124.378144535742, 42.0690182705768], 
            [-124.403064749638, 42.1712262211133], 
            [-124.447922933297, 42.2583075748348], 
            [-124.447455285833, 42.281186327687], 
            [-124.470459943771, 42.4386216450729], 
            [-124.426842824537, 42.6088273355132], 
            [-124.492925008482, 42.6408881664558], 
            [-124.514985378273, 42.6863488958849], 
            [-124.537936076888, 42.7309192964884], 
            [-124.559996446679, 42.7763800259175], 
            [-124.596257111576, 42.8467699624639], 
            [-124.50146856792, 42.9866055474082], 
            [-124.470423970889, 43.1139675355734], 
            [-124.447464279053, 43.1810389737697], 
            [-124.424549553319, 43.2516447476071], 
            [-124.425637732995, 43.3050464907031], 
            [-124.424918275358, 43.3403808538933], 
            [-124.338061752148, 43.4238379397692], 
            [-124.288590046394, 43.4992910594349], 
            [-124.245359635639, 43.6766193804801], 
            [-124.221149886158, 43.747351059404], 
            [-124.177020153357, 43.973413642126], 
            [-124.17784752964, 44.0141529308132], 
            [-124.154887837803, 44.1713004651444], 
            [-124.109553013461, 44.5610126805908], 
            [-124.110560254152, 44.6103944541408], 
            [-124.109867776177, 44.6441550037505], 
            [-124.110560254152, 44.6779155533602], 
            [-124.109409121933, 44.7341771405627], 
            [-124.110767098223, 44.8006370397677], 
            [-124.065405294219, 44.9331431500364], 
            [-124.042805331201, 45.0719984739505], 
            [-124.01897329698, 45.1416239867577], 
            [-124.020304293608, 45.2068068486572], 
            [-124.018514642737, 45.2944727617087], 
            [-124.042922243067, 45.3418490470959], 
            [-124.018955310539, 45.3883619833189], 
            [-124.020744961411, 45.476234740441], 
            [-123.996894940749, 45.5225408325934], 
            [-123.997794262795, 45.5669043891264], 
            [-123.994682608516, 45.7195103471249], 
            [-124.020304293608, 45.7692518494933], 
            [-124.018694507146, 45.8482303115797], 
            [-124.020753954631, 45.9490622993857], 
            [-123.966380943726, 46.0292728326752], 
            [-124.004773001872, 46.1790639126695], 
            [-124.111927223662, 46.2310537201532], 
            [-124.103275745579, 46.6550750716573], 
            [-124.064577917937, 46.6922530450421], 
            [-124.132827468013, 46.7369943168343], 
            [-124.154887837803, 46.8499761454828], 
            [-124.200348567233, 46.9170475836791], 
            [-124.222399943802, 47.0975415183265], 
            [-124.251546971316, 47.239841245677], 
            [-124.301846053353, 47.2881708124331], 
            [-124.364528799964, 47.3534076336555], 
            [-124.402453210647, 47.5476701888283], 
            [-124.431375407649, 47.6605351056107], 
            [-124.513825252833, 47.6588533733845], 
            [-124.537486415865, 47.6720014616982], 
            [-124.454092282533, 47.7124619605511], 
            [-124.548611029575, 47.8032665075433], 
            [-124.672978275327, 47.884808037461], 
            [-124.702386106234, 47.9454223433665], 
            [-124.772461280064, 47.9794257099286], 
            [-124.726739747241, 48.0681798026558], 
            [-124.795295066814, 48.1693175599575], 
            [-124.740031727083, 48.2224045403373], 
            [-124.740499374546, 48.2453282592918], 
            [-124.717431764065, 48.3127234534247], 
            [-124.77686795809, 48.4003983596966], 
            [-124.640782546078, 48.4249498515545], 
            [-124.283113175133, 48.2895928903997], 
            [-124.245134805127, 48.2903753005797], 
            [-124.219567079357, 48.289853693793], 
            [-123.997794262795, 48.1998945095241], 
            [-123.614835955915, 48.1764671702238], 
            [-123.547278883813, 48.1778431329543], 
            [-123.259073147708, 48.141006901947], 
            [-123.147809024167, 48.1983206959434], 
            [-123.085297148744, 48.2223955471169], 
            [-123.052534846606, 48.154883441118], 
            [-123.013567222349, 48.1174356711194], 
            [-122.939130336596, 48.1557827631641], 
            [-122.883516261266, 48.154649617386], 
            [-122.738455615234, 48.1576083869176], 
            [-122.804996453424, 48.2215411911731], 
            [-122.804474846637, 48.2471988491477], 
            [-122.707779740243, 48.3898583053166], 
            [-122.754778310371, 48.481094526891], 
            [-122.789654019317, 48.4092027225277], 
            [-122.853065216786, 48.3803884441714], 
            [-122.984564086363, 48.425408505798], 
            [-123.137277963008, 48.4626314452851], 
            [-123.210464791117, 48.5388040225877], 
            [-123.299650558427, 48.5352876733875], 
            [-123.177576583892, 48.4179980921383], 
            [-123.260521056202, 48.3777534305764], 
            [-123.435996773832, 48.3813417255403], 
            [-123.523168059758, 48.2906091243117], 
            [-123.57414163333, 48.2678652697665], 
            [-123.749779228928, 48.3128763381725], 
            [-123.885486925681, 48.3459534030272], 
            [-124.227094404883, 48.4335024042127], 
            [-124.334932111428, 48.4704195742041], 
            [-124.445206980718, 48.5062035984174], 
            [-124.674713966876, 48.5510078227529], 
            [-124.931119675433, 48.6619391971363], 
            [-125.100587921795, 48.6950252552114], 
            [-125.172155970222, 48.7195227877465], 
            [-125.30269256521, 48.8080070838599], 
            [-125.382174647642, 48.8465700131956], 
            [-125.528206561484, 48.8750785220562], 
            [-125.700552638394, 48.9795887370307], 
            [-125.730311204898, 49.0105613882975], 
            [-125.786033198873, 49.0640980297004], 
            [-125.890048786722, 49.2393309303782], 
            [-125.990251249096, 49.5945991114599], 
            [-126.050892534663, 49.8433515894044], 
            [-126.045298751536, 50.1177077660007], 
            [-125.997679649196, 50.3034987074994], 
            [-125.900453942795, 50.4922304320888], 
            [-125.658572285283, 50.7246242420152], 
            [-125.476729367566, 50.8128477347353], 
            [-125.206555038484, 50.8655929727376], 
            [-124.893051373222, 50.829979819713], 
            [-124.710965638553, 50.8336940197633], 
            [-124.43472088566, 50.8808184949776], 
            [-124.252059584882, 50.9276282074759], 
            [-123.970400913271, 51.0727248263897], 
            [-123.763610801997, 51.2463209609436], 
            [-123.674218190617, 51.3393558266102], 
            [-123.585527050433, 51.4746318487809], 
            [-123.502654523887, 51.7421711642679], 
            [-123.548798738071, 52.1483589595984], 
            [-123.74688341194, 53.0289661138951], 
            [-124.123249688222, 53.108969803114], 
            [-124.320165243431, 53.1594307631193], 
            [-124.869093433915, 53.389450362844], 
            [-125.108079274439, 53.421304349716], 
            [-125.460235801241, 53.37629328131], 
            [-125.733377893075, 53.3520025928454], 
            [-125.932640678824, 53.3560675284937], 
            [-126.289437707384, 53.4016721494502], 
            [-126.821404684079, 53.4995453677246], 
            [-127.193238377249, 53.6018162708044], 
            [-127.234652157471, 53.600970908081], 
            [-127.954091807891, 53.2559639915451], 
            [-128.168148441297, 53.1715356378595], 
            [-128.504737703482, 53.106667538676], 
            [-128.812854429688, 53.1592239190487], 
            [-129.04437589723, 53.2531311270999], 
            [-129.317742819575, 53.4972790761685], 
            [-129.46910771315, 53.764260811987], 
            [-129.514028849352, 53.9027024477598], 
            [-129.561324195755, 54.1449618205317], 
            [-129.555712426187, 54.4199475225602], 
            [-129.507445811975, 54.6555968782934], 
            [-129.392278630754, 54.9217872107113], 
            [-129.238557513418, 55.1355200881816], 
            [-129.00533632721, 55.3204296940752], 
            [-128.780002195345, 55.4297512819962], 
            [-128.566215358552, 55.4991249846304], 
            [-128.070940721337, 55.6043906301236], 
            [-127.505662856056, 55.7265095707602], 
            [-127.020766395253, 55.7166080350329], 
            [-126.776753344491, 55.645993267975], 
            [-126.492747442341, 55.4673339503016], 
            [-126.292621307427, 55.2149122384092], 
            [-125.82033334171, 55.1322195762725], 
            [-125.513574591794, 55.0608403854755], 
            [-125.078086884202, 54.8841955491853], 
            [-124.951732136729, 54.8343641146123], 
            [-124.729905360844, 54.7946230733962], 
            [-124.267860673231, 54.8621441726156], 
            [-123.898059447885, 54.8841955491853], 
            [-123.292375043074, 54.8222952127539], 
            [-122.960821984347, 54.9707193232383], 
            [-122.62437661369, 55.0527374938404], 
            [-122.139974780012, 55.0958150198473], 
            [-121.992252140724, 55.1557368477774], 
            [-121.921511468579, 55.3015529243281], 
            [-121.932752994155, 55.8521898266992], 
            [-121.926664583903, 56.1504230036188], 
            [-121.877885356124, 56.3885634814196], 
            [-121.762349452865, 56.6555991765608], 
            [-121.602171203238, 56.8540255928069], 
            [-121.537033307441, 56.9166094139933], 
            [-121.356296555841, 57.0505904124177], 
            [-121.221668045544, 57.1158991794037], 
            [-121.034447181992, 57.1766573768366], 
            [-120.661597254909, 57.2023240280316], 
            [-120.386917322376, 57.146062440829], 
            [-120.075167335104, 57.0196177611509], 
            [-119.438303434956, 56.6189787828446], 
            [-119.167175824505, 56.4874439403856], 
            [-118.629237349424, 56.2984334259619], 
            [-118.391375661458, 56.201954156859], 
            [-118.124447884962, 56.064447816014], 
            [-117.741102869602, 55.7844438969684], 
            [-117.580007311488, 55.6701670445735], 
            [-117.442770767257, 55.6256326168519], 
            [-117.354745125387, 55.627431260944], 
            [-117.208335496286, 55.6775414853514], 
            [-116.87483990194, 55.9651626621272], 
            [-116.698168085988, 56.105241064024], 
            [-116.474012066004, 56.2383047539613], 
            [-116.226563605026, 56.3358991824014], 
            [-115.922817583964, 56.3783022168739], 
            [-115.64010670556, 56.346196419829], 
            [-115.433649343442, 56.2755276934484], 
            [-115.247084984984, 56.1794171463843], 
            [-115.011642473321, 55.9817731403182], 
            [-114.808107907854, 55.7072101196514], 
            [-114.616867074756, 55.3850459830857], 
            [-114.497742876532, 55.21941784186], 
            [-114.348698233836, 55.1216975083334], 
            [-114.191586672387, 55.0833953823911], 
            [-113.998070554512, 55.0873523993938], 
            [-113.708632747203, 55.1367161865029], 
            [-113.250509103712, 55.254122679618], 
            [-112.957420048896, 55.3853337661405], 
            [-112.764101781872, 55.586539087509], 
            [-112.691535485974, 55.8101645074861], 
            [-112.699908174223, 56.220264353717], 
            [-112.762456022527, 56.6482966815467], 
            [-112.794948528052, 57.0468042666037], 
            [-112.760900195388, 57.4800526623006], 
            [-112.591548860891, 58.2079099670714], 
            [-112.564704097816, 58.6263914947717], 
            [-112.610722406914, 58.8962240814762], 
            [-112.678153573928, 59.0271024188417], 
            [-112.779048514277, 59.0760525178096], 
            [-113.329685416649, 59.0648109922336], 
            [-113.629231603755, 59.0709263821469], 
            [-113.905287499019, 59.1416760475117], 
            [-114.144561122598, 59.2649371271468], 
            [-114.353167864405, 59.440062109179], 
            [-114.526674066755, 59.6846417328298], 
            [-114.634143051261, 60.0158170762971], 
            [-112.459915093007, 60.0380932833784], 
            [-112.374938152873, 59.8094046802818], 
            [-112.308208457055, 59.7109469026775], 
            [-112.172833509459, 59.6559353731191], 
            [-111.594155745691, 59.7546449608963], 
            [-111.113504084946, 59.7448333573736], 
            [-110.765844168374, 59.6258350642369], 
            [-110.489104788355, 59.4268061022199], 
            [-110.283933456764, 59.1500307493197], 
            [-110.172381550168, 58.8498100706783], 
            [-110.128845369918, 58.5379341783197], 
            [-110.143486332828, 57.8203381380946], 
            [-110.107387545898, 57.6086826945508], 
            [-109.973775269513, 57.3102156938992], 
            [-109.823714392905, 57.1124547759672], 
            [-109.67859079433, 56.9730238859437], 
            [-109.545715962022, 56.8859065593403], 
            [-109.311622433429, 56.8288445755168], 
            [-108.851196525499, 56.8876872169915], 
            [-108.609117017137, 56.9139923868393], 
            [-108.342926684719, 56.908560481681], 
            [-108.015960168427, 56.8527935216038], 
            [-107.545848562061, 56.7071932823442], 
            [-107.365912207083, 56.6564445392842], 
            [-106.802693789287, 56.572609738149], 
            [-106.547502165493, 56.515206011948], 
            [-106.258145297168, 56.3900023966933], 
            [-106.028521399143, 56.2157677434866], 
            [-105.849808122147, 55.9997326015784], 
            [-105.739955934219, 55.773310290038], 
            [-105.658729167017, 55.5230019849537], 
            [-105.630643339518, 54.8059545311768], 
            [-105.586450654174, 54.6335005356213], 
            [-105.483613178206, 54.4818028928893], 
            [-105.023753843165, 54.0399749648728], 
            [-104.878072664921, 53.8562164911982], 
            [-104.730332039192, 53.551706046397], 
            [-104.677829618142, 53.3363364028028], 
            [-104.688270747097, 52.8250628263884], 
            [-104.818996199715, 52.3149763550748], 
            [-104.847153972977, 52.1707340921047], 
            [-104.844590905146, 52.0451257819294], 
            [-104.796953816365, 51.9059556952992], 
            [-104.649716810982, 51.764501330672], 
            [-104.349532105222, 51.5987652708007], 
            [-104.12210255299, 51.4677790147898], 
            [-103.800873711353, 51.2084684960243], 
            [-103.312119158972, 50.5920102131009], 
            [-103.112478657964, 50.4337295329917], 
            [-102.570430281133, 50.1707497802782], 
            [-102.39861480423, 50.0822385045034], 
            [-102.16341510952, 49.9396150212163], 
            [-101.737882896978, 49.6167224337934], 
            [-101.041591796025, 49.0101117272745], 
            [-100.859038413892, 48.8806093526396], 
            [-100.771516392368, 48.7625463544308], 
            [-100.520335744899, 48.456794845206], 
            [-99.9689434120088, 47.7129655808969], 
            [-99.7935486333627, 47.4175023158792], 
            [-99.679019970795, 47.1092596845868], 
            [-99.6462127025541, 46.7987867346202], 
            [-99.6940386489644, 46.5184051003152], 
            [-99.8106447454586, 46.2488962695473], 
            [-99.9806795647101, 46.038248066695], 
            [-100.169402296079, 45.8774852577385], 
            [-100.395213068628, 45.743441306771], 
            [-100.625124749707, 45.6527626648652], 
            [-100.931316926735, 45.5781189350409], 
            [-101.616726230931, 45.5036460764054], 
            [-101.771832304217, 45.4505590960255], 
            [-101.828849321939, 45.3660498033558], 
            [-101.370617759802, 44.883401647668], 
            [-101.243993215714, 44.9486294756699], 
            [-100.984988466445, 45.172021071915], 
            [-100.734779086785, 45.3703845356179], 
            [-100.514076463458, 45.4420065433674], 
            [-100.314355023465, 45.407940224262], 
            [-100.166632384177, 45.3573713456112], 
            [-99.9291394182495, 45.2350365676836], 
            [-99.6851083810469, 45.0442633820495], 
            [-99.5076361684743, 44.7735674461808], 
            [-99.4371832793848, 44.5564621110377], 
            [-99.4442069845646, 44.2122915640045], 
            [-99.5397059926374, 43.9768490523419], 
            [-99.6943713981215, 43.7852484904256], 
            [-99.9141836926233, 43.6223093221176], 
            [-100.126270810749, 43.5386543853917], 
            [-100.307196419979, 43.4945426390316], 
            [-100.706216618602, 43.4457903909139], 
            [-100.910056953566, 43.3935487732573], 
            [-101.055819070793, 43.1479978817969], 
            [-101.24878660222, 42.9286352483181], 
            [-101.512449839688, 42.7557765578419], 
            [-101.848310651016, 42.6344760002673], 
            [-102.576266881212, 42.508615879919], 
            [-102.833050305027, 42.4343048992518], 
            [-103.185557567428, 42.3008994669369], 
            [-103.437430692872, 42.1481586106315], 
            [-103.546734294352, 42.0007057679569], 
            [-103.586808084725, 41.7954265177197], 
            [-103.582985966029, 41.6079538439948], 
            [-103.525672172033, 41.1033982032645], 
            [-103.412186723039, 40.0477649923606], 
            [-103.427520163924, 39.2962645109985], 
            [-103.506597551436, 38.6775759094008], 
            [-103.587581501685, 38.2373847475081], 
            [-103.703414181219, 37.8989968412313], 
            [-103.892793417682, 37.597939793087], 
            [-104.13224690567, 37.36787522726], 
            [-104.392186949868, 37.1974536995287], 
            [-104.847945376378, 36.9963562968057], 
            [-104.732130683284, 36.8122650739741], 
            [-104.631487553108, 36.6347389020788], 
            [-104.516230439683, 36.3245627283872], 
            [-104.483450151104, 36.056294962043], 
            [-104.486660730808, 35.8989855497434], 
            [-104.563588738629, 35.5988368168657], 
            [-104.705528737161, 35.3647792611541], 
            [-105.046551657033, 35.0371292601073], 
            [-105.160702604342, 34.7477094392393], 
            [-105.47900864933, 34.0812398573336], 
            [-105.54536962311, 33.876734024056], 
            [-105.542293941712, 33.7261785203225], 
            [-105.49618570041, 33.6366600038562], 
            [-105.350765325559, 33.5413228737517], 
            [-104.974758778095, 33.5489940908047], 
            [-104.466776720369, 33.6632619499791], 
            [-103.964640255943, 33.7919459415521], 
            [-103.336041125398, 34.0071087410756], 
            [-103.082648145695, 34.1376453360635], 
            [-102.973956083207, 34.2507710562393], 
            [-102.907496184002, 34.4556006454535], 
            [-102.843968074667, 34.8458164812457], 
            [-102.789226341722, 35.0891550404728], 
            [-102.585772715239, 35.5278443345485], 
            [-102.494131798743, 35.7057302352623], 
            [-102.249435263227, 35.9408310045473], 
            [-102.01253584985, 36.0557643620357], 
            [-101.733170449457, 36.1102992509098], 
            [-101.475226900201, 36.0663044164158], 
            [-101.216123225506, 35.9542039233725], 
            [-100.984197063044, 35.8789396613364], 
            [-100.715920303479, 35.7871098872116], 
            [-100.510668032903, 35.7205060964793], 
            [-100.402560529745, 35.7575131986753], 
            [-100.308347552198, 35.8846053902267], 
            [-100.186354516648, 36.3171343282867], 
            [-100.10735806812, 36.5757253894152], 
            [-100.095675874742, 36.564906545201], 
            [-100.028793294175, 36.451133313152], 
            [-99.8906214550161, 35.9209829669905], 
            [-99.8185407930231, 35.7153170082734], 
            [-99.5546707114841, 35.2604039444865], 
            [-99.4728234120707, 35.0869786811213], 
            [-99.7224752120613, 34.9499220012994], 
            [-99.8537042850247, 34.8492878643435], 
            [-99.9381326387103, 34.7185444252851], 
            [-99.9498148320887, 34.7077255810708], 
            [-99.98380021221, 34.7187512693557], 
            [-100.083004427113, 34.7859935787408], 
            [-100.161371350208, 34.7875943719828], 
            [-100.263057693957, 34.7209276287071], 
            [-100.584439420343, 34.3016546976063], 
            [-100.732395883363, 34.1476637836567], 
            [-100.92906862162, 33.9764868254068], 
            [-100.919212051995, 33.4937577307348], 
            [-100.986922008844, 33.2536837105349], 
            [-101.107997735907, 33.0041398291899], 
            [-101.351444213779, 32.6171435663226], 
            [-101.400034583929, 32.4751765881291], 
            [-101.424190374086, 32.3335513523131], 
            [-101.456826771139, 31.8666952917544], 
            [-101.511586490524, 31.6420626310856], 
            [-101.592777284844, 31.4507858251058], 
            [-101.687673747146, 31.3060489350104], 
            [-101.816645521773, 31.1718161264132], 
            [-102.025099378833, 31.0305146465338], 
            [-102.292989429918, 30.9388197707159], 
            [-102.510931134564, 30.9343681265878], 
            [-102.701947137151, 30.9809440153541], 
            [-102.788767687479, 31.0230592667718], 
            [-102.916687255313, 31.1069300407888], 
            [-103.135968949807, 31.2998256264516], 
            [-103.602222464595, 30.9718608626887], 
            [-103.789991914595, 30.8957062718271], 
            [-104.073476209959, 30.8594635933702], 
            [-104.840696840687, 30.8950677531744], 
            [-105.169399048527, 30.8658397866769], 
            [-105.894891136317, 30.6341294615056], 
            [-106.278442995748, 30.5780837115941], 
            [-106.658667363608, 30.6142094781849], 
            [-106.996272859705, 30.7094296964235], 
            [-107.296808301062, 30.8552367797537], 
            [-107.490252473173, 30.9820681679117], 
            [-107.917196621327, 31.2714700023388], 
            [-108.05973017241, 31.3202582233384], 
            [-108.187676719905, 31.322866257272], 
            [-108.328240755706, 31.2886020873166], 
            [-108.469272438972, 31.2201816660511], 
            [-108.8562956815, 31.0208019684362], 
            [-109.075811199727, 30.9377315910402], 
            [-109.256305134374, 30.8706601528439], 
            [-109.457033815058, 30.7892445280127], 
            [-109.643382336226, 30.7528669512489], 
            [-109.914159211079, 30.6333830242072], 
            [-110.254228849582, 30.4581950896318], 
            [-110.510346775084, 30.3543144000895], 
            [-110.846297518616, 30.2854982771238], 
            [-111.169441916211, 30.3160932131314], 
            [-111.341500210067, 30.3719231257517], 
            [-111.560934789309, 30.4783848695662], 
            [-111.74989134441, 30.6184542782424], 
            [-111.984551445892, 30.8812002072238], 
            [-112.404552827851, 31.4939892561993], 
            [-112.533074941455, 31.6277544173326], 
            [-112.701634872551, 31.7692627412825], 
            [-113.043107453446, 31.7970967586086], 
            [-113.166854166986, 31.8571354984046], 
            [-113.320818101274, 31.9505031132282], 
            [-113.495448456181, 31.9116434076172], 
            [-113.63440270552, 31.8442302270434], 
            [-114.130423780033, 31.5722752403101], 
            [-114.282858866843, 31.5200965751969], 
            [-114.387243176731, 31.5908552337821], 
            [-114.43270390616, 31.6129066103518], 
            [-114.521880680249, 31.6588529736858], 
            [-114.578771792884, 31.657683855026], 
            [-114.612739186564, 31.6583853262219], 
            [-114.657417505813, 31.6353626818424], 
            [-114.736315028915, 31.6468919904731]
          ], 
          [
            [-113.52098920229, 53.3427575622118], 
            [-113.449879808107, 53.438616299103], 
            [-113.420948617884, 53.5983179080451], 
            [-113.489153201859, 53.6903545262405], 
            [-113.614698559491, 53.4836633403909], 
            [-113.643521831068, 53.358082009877], 
            [-113.52098920229, 53.3427575622118]
          ], 
          [
            [-105.621353342782, 52.104921704773], 
            [-105.542806555278, 52.2064281841135], 
            [-105.250230114029, 52.524491412149], 
            [-105.088289193192, 52.7527663271044], 
            [-104.996180629233, 53.0365923648458], 
            [-105.00335721916, 53.3878855424839], 
            [-105.122076722463, 53.6622956784029], 
            [-105.275878778783, 53.8528260470845], 
            [-105.463216554201, 53.9916993574395], 
            [-105.65272169575, 54.0836280569893], 
            [-105.876086312333, 54.1466345595374], 
            [-106.155082990687, 54.1409328577653], 
            [-106.300782155372, 54.0658754397998], 
            [-106.517177026099, 53.8406582198011], 
            [-106.785058083963, 53.3893784170804], 
            [-106.918139760342, 53.1930564144221], 
            [-106.504361686942, 52.8728617931373], 
            [-106.145828966833, 52.5783338230476], 
            [-105.677839760497, 52.1384574238711], 
            [-105.621353342782, 52.104921704773]
          ], 
          [
            [-113.588501308289, 51.8798663627425], 
            [-113.577682464074, 51.891548556121], 
            [-113.486796978098, 51.9131952377701], 
            [-113.381225563109, 51.9408583839074], 
            [-113.234708015363, 52.053219680344], 
            [-113.172573855199, 52.1915354110305], 
            [-113.221047313483, 52.3765529355696], 
            [-113.379966512245, 52.571822731434], 
            [-113.52469440912, 52.6652802784621], 
            [-113.672012353487, 52.7348068658443], 
            [-113.972826584679, 52.7228818555133], 
            [-114.226129632177, 52.5888468977662], 
            [-114.350460905047, 52.4193426785219], 
            [-114.341485671027, 52.1929023805405], 
            [-114.131961620732, 51.9987657304542], 
            [-113.866994366297, 51.8955865121079], 
            [-113.588501308289, 51.8798663627425]
          ], 
          [
            [-118.269769334387, 51.0921501825849], 
            [-118.216502489598, 51.1799959600456], 
            [-118.173442950032, 51.3566138166744], 
            [-118.215081560765, 51.5598965719693], 
            [-118.291146219422, 51.7075562587145], 
            [-118.574729440211, 51.9800148657935], 
            [-118.673241177139, 52.082555565487], 
            [-118.808112504389, 52.2644884154081], 
            [-118.914340424471, 52.4834553471866], 
            [-118.985260961025, 52.7743500562102], 
            [-118.978048398215, 53.1274508711609], 
            [-118.865956898392, 53.6463686849669], 
            [-118.843896528602, 53.8417463994768], 
            [-119.324665101213, 53.9355996482053], 
            [-119.653205431086, 54.0120420221217], 
            [-119.98685391018, 54.1262469287528], 
            [-120.533920504028, 54.3711413151197], 
            [-120.846992494708, 54.487477615], 
            [-121.081976352127, 54.5257257816196], 
            [-121.165325519357, 54.5240260629525], 
            [-121.297957534712, 54.4786282860666], 
            [-121.346368040453, 54.3294307586227], 
            [-121.340369562405, 54.0352805037923], 
            [-121.2696019106, 53.6204232439376], 
            [-121.16967823806, 53.2305131776411], 
            [-120.997197262843, 52.7265960555636], 
            [-120.864043640701, 52.3983345155256], 
            [-120.709090452163, 52.1697448378541], 
            [-120.568589368904, 52.0655853584776], 
            [-120.411882502376, 51.9895566727023], 
            [-119.793931344856, 51.7974614836606], 
            [-119.054688622982, 51.5320085953205], 
            [-118.646207556434, 51.3425664063147], 
            [-118.326255752101, 51.1256859016831], 
            [-118.269769334387, 51.0921501825849]
          ], 
          [
            [-109.244829785066, 50.5970194368976], 
            [-109.233804096782, 50.6084947862055], 
            [-109.130058305546, 50.6765105125502], 
            [-108.751048022448, 51.0709981280612], 
            [-108.652086624498, 51.1660744547723], 
            [-108.193531306425, 51.5651665991593], 
            [-108.01211107007, 51.8098991075578], 
            [-107.785814663616, 52.5072693949667], 
            [-107.715343788085, 52.6810004278275], 
            [-107.623172271583, 52.8599115556738], 
            [-107.293588728137, 53.4034078409991], 
            [-107.204654771001, 53.5867166536507], 
            [-107.158060895794, 53.7302844250862], 
            [-107.163978434857, 54.0201449137568], 
            [-107.303391338439, 54.1928417262648], 
            [-107.575553169243, 54.371285206647], 
            [-107.859909806992, 54.4635556485744], 
            [-108.182622530006, 54.5015969711234], 
            [-108.499894354641, 54.4552369196482], 
            [-108.697709231895, 54.3875269627992], 
            [-108.872051803748, 54.2693470527244], 
            [-109.182192004557, 53.8781689423429], 
            [-109.427805848561, 53.6090198403934], 
            [-109.735167144248, 53.3949092476637], 
            [-110.088825538867, 53.2554154050969], 
            [-110.917676709413, 53.0533557277847], 
            [-111.180989211283, 52.9771561708207], 
            [-111.493017988389, 52.8703526846287], 
            [-111.848475027101, 52.6872417228273], 
            [-112.125897891874, 52.4431926991838], 
            [-112.302191992566, 52.1946830381917], 
            [-112.416513811063, 51.8869979865679], 
            [-112.451722269167, 51.537053791999], 
            [-112.046613660292, 51.5087341407681], 
            [-111.832619979428, 51.4844344590831], 
            [-111.533694324533, 51.4078212139779], 
            [-111.069958911475, 51.1887913296562], 
            [-110.737560490025, 51.1955722178836], 
            [-110.449471665785, 51.1661284140951], 
            [-110.122208373218, 51.0541178532564], 
            [-109.926596834976, 50.9533398247732], 
            [-109.582866955745, 50.7203524622964], 
            [-109.418282028093, 50.6124428099878], 
            [-109.244829785066, 50.5970194368976]
          ], 
          [
            [-119.147507651357, 50.124389728803], 
            [-119.137705041055, 50.1370881560936], 
            [-119.02987632773, 50.2203204114579], 
            [-119.002662842616, 50.3953734477265], 
            [-119.105464345703, 50.5340309207904], 
            [-119.233329954214, 50.5696350805946], 
            [-119.370485559461, 50.5296422292056], 
            [-119.471857140495, 50.3983052375967], 
            [-119.44560592997, 50.2206441673945], 
            [-119.334881399657, 50.1351815933559], 
            [-119.147507651357, 50.124389728803]
          ], 
          [
            [-125.121254342414, 50.1085166946898], 
            [-125.141884790151, 50.0503125718678], 
            [-125.11161361008, 50.0343675919909], 
            [-125.121254342414, 50.1085166946898]
          ], 
          [
            [-124.278463680155, 49.7290837302301], 
            [-124.311819534844, 49.6752233328906], 
            [-124.233884286331, 49.6517600207085], 
            [-124.278463680155, 49.7290837302301]
          ], 
          [
            [-124.112206013497, 49.6178735660124], 
            [-124.233884286331, 49.6517600207085], 
            [-124.213820411483, 49.6257786067973], 
            [-124.098842087892, 49.539227853083], 
            [-124.112206013497, 49.6178735660124]
          ], 
          [
            [-122.883516261266, 49.2016403434272], 
            [-122.898921647916, 49.2555187272076], 
            [-122.938536784045, 49.2173694860131], 
            [-122.883516261266, 49.2016403434272]
          ], 
          [
            [-124.098842087892, 49.539227853083], 
            [-124.079003043556, 49.4876067676383], 
            [-124.111342664332, 49.4617062927113], 
            [-124.161641746369, 49.3988976410134], 
            [-124.382740071397, 49.4467325806442], 
            [-124.446448045141, 49.497751120318], 
            [-124.426429136395, 49.5292183987102], 
            [-124.394692061389, 49.5546332397323], 
            [-124.536856890433, 49.6584779563926], 
            [-124.669758702402, 49.7144787402018], 
            [-124.694013417985, 49.7992938023672], 
            [-124.744303506801, 49.8395654435905], 
            [-124.696918228194, 49.9201716785802], 
            [-124.836924684327, 49.9027608037681], 
            [-124.925184149928, 49.9366832313461], 
            [-125.038345842986, 49.9225998481046], 
            [-125.027446059788, 50.0102927408174], 
            [-125.11161361008, 50.0343675919909], 
            [-125.121829908523, 49.9995638288077], 
            [-125.14870165126, 49.9526372044435], 
            [-125.011779869745, 49.8388999452764], 
            [-124.825242490948, 49.7238406827015], 
            [-124.832248209687, 49.6551054987199], 
            [-124.730444954071, 49.5705512399479], 
            [-124.672753444816, 49.5764328061292], 
            [-124.586868189415, 49.5676734094004], 
            [-124.516244429137, 49.5132914052742], 
            [-124.635800301942, 49.4614364960975], 
            [-124.580312131699, 49.4153462412361], 
            [-124.277555364888, 49.361395911692], 
            [-124.131721301896, 49.3762617051137], 
            [-124.088634782669, 49.3243798162756], 
            [-124.041537287116, 49.3039562126092], 
            [-124.02111368345, 49.2793687478695], 
            [-123.940444495917, 49.2556985916168], 
            [-123.90693575648, 49.2591160153919], 
            [-123.7285372422, 49.1893466110573], 
            [-123.644333719026, 49.1646332412312], 
            [-123.616005074575, 49.0993244742452], 
            [-123.591417609835, 49.0789008705788], 
            [-123.570994006168, 49.0543044126186], 
            [-123.484506204997, 48.9824755607985], 
            [-123.321342206178, 48.9213576345473], 
            [-123.120874328887, 48.8292490705882], 
            [-123.015248954576, 48.8058217312879], 
            [-122.950596692683, 48.8124137618857], 
            [-122.764230185075, 48.7559543238331], 
            [-122.738266757605, 48.7830149241994], 
            [-122.85451312528, 48.929901193985], 
            [-122.848514647233, 48.9887798083416], 
            [-122.895809993636, 49.0092933442126], 
            [-122.938743628116, 49.0338808089522], 
            [-122.990418672883, 49.0543044126186], 
            [-122.981326526998, 48.9650556927661], 
            [-123.047822399084, 48.9438586721401], 
            [-123.21306383183, 48.9900658388674], 
            [-123.204619197818, 49.0729743382952], 
            [-123.323428633325, 49.0993244742452], 
            [-123.343852236991, 49.1113124371193], 
            [-123.252391184905, 49.1677269090697], 
            [-123.30147618218, 49.2085021706387], 
            [-123.298733249939, 49.2354008930368], 
            [-123.30322986017, 49.2795306258378], 
            [-123.274091825877, 49.3037313820977], 
            [-123.480971869356, 49.3243798162756], 
            [-123.640664485078, 49.3924764816044], 
            [-123.875846193347, 49.4446281670564], 
            [-123.953151916428, 49.4367411127122], 
            [-124.047131070243, 49.4720574894616], 
            [-124.041330443045, 49.5289845749782], 
            [-124.098842087892, 49.539227853083]
          ], 
          [
            [-110.37013347488, 48.1213477220198], 
            [-110.359305637445, 48.1330299153984], 
            [-110.233913164561, 48.2067473435152], 
            [-109.971455018634, 48.3089552940516], 
            [-109.582534206588, 48.3347298638922], 
            [-109.304319938414, 48.2862833852701], 
            [-109.083104701521, 48.2087438384574], 
            [-108.970482601691, 48.330296206205], 
            [-108.592713383016, 49.1328062340206], 
            [-108.55882692832, 49.2909879887048], 
            [-109.055936182509, 49.6108228811711], 
            [-109.218083947416, 49.6400778273299], 
            [-109.383837993728, 49.5523669481762], 
            [-109.754583507223, 49.1315112102742], 
            [-109.999396954606, 48.9046752105926], 
            [-110.218426838927, 48.7759102800355], 
            [-110.5278475821, 48.6779471295565], 
            [-111.1984900183, 48.6472892410058], 
            [-111.371222803689, 48.6077550438603], 
            [-111.191178530065, 48.5831495926797], 
            [-111.058996175733, 48.5554954397628], 
            [-110.836216118479, 48.4376123059632], 
            [-110.680894207901, 48.3307278807872], 
            [-110.434363055411, 48.1416813934816], 
            [-110.37013347488, 48.1213477220198]
          ], 
          [
            [-105.171224672281, 48.0313255852077], 
            [-105.159677377209, 48.0433495209637], 
            [-104.507273192104, 48.1071564201327], 
            [-104.485014971464, 48.4068644852079], 
            [-104.531384016159, 48.587763114776], 
            [-104.584048315178, 48.6899980449739], 
            [-104.804013494427, 48.9013387258016], 
            [-105.117454207146, 49.0874084571347], 
            [-105.326429670992, 49.2188623606095], 
            [-105.577745216768, 49.4217404209837], 
            [-105.759615114146, 49.6110207320212], 
            [-106.027406239806, 49.9253877464474], 
            [-106.132626919197, 50.0264895308672], 
            [-106.222514157702, 50.0700976568814], 
            [-106.374688441119, 50.066986002602], 
            [-106.938689269094, 49.5300817478745], 
            [-106.937538136875, 49.4736942555855], 
            [-106.814492894531, 49.3115374974576], 
            [-106.293056978996, 49.034501341164], 
            [-106.06340610131, 48.8602487015165], 
            [-105.941053336942, 48.7328957065717], 
            [-105.805678389346, 48.5502793718956], 
            [-105.604670918828, 48.2116756283277], 
            [-105.434860930088, 48.0485206227286], 
            [-105.171224672281, 48.0313255852077]
          ], 
          [
            [-115.20894473701, 47.0185450697992], 
            [-115.198116899575, 47.0302272631777], 
            [-115.107231413599, 47.0968940064533], 
            [-115.008368941074, 47.1727068549375], 
            [-114.844818233774, 47.4632418351426], 
            [-114.815518321513, 47.6977220722159], 
            [-114.887419119097, 47.8727751084846], 
            [-114.978610374569, 47.9572664147133], 
            [-115.075224541979, 48.0028620424494], 
            [-115.265386188622, 47.9953257237033], 
            [-115.512043246199, 47.9231191566238], 
            [-115.678453797605, 47.8350575418721], 
            [-115.726000954181, 47.6354440205252], 
            [-115.69125115032, 47.3354391791748], 
            [-115.641374749645, 47.1931394518243], 
            [-115.467014191352, 47.0315852394673], 
            [-115.20894473701, 47.0185450697992]
          ], 
          [
            [-123.986309920267, 46.6359464917373], 
            [-123.964843103027, 46.6838803567931], 
            [-124.039909514213, 46.6689695972691], 
            [-123.986309920267, 46.6359464917373]
          ], 
          [
            [-116.919401309323, 46.568425392518], 
            [-116.908780315959, 46.5803144299671], 
            [-116.849137277863, 46.6335992611971], 
            [-116.706226011521, 46.8954009020301], 
            [-116.665648600802, 46.9316615669279], 
            [-116.401760532822, 46.915932424342], 
            [-116.305964748474, 46.9216431193346], 
            [-116.182164075612, 46.988912408381], 
            [-116.189394624862, 47.1101500134125], 
            [-116.506153835931, 47.5636331551461], 
            [-116.582236481029, 47.5918179080701], 
            [-116.84479355238, 47.4084281564343], 
            [-116.943224350323, 47.1523641902552], 
            [-117.116901423862, 46.9532363028132], 
            [-117.062429487531, 46.5951262640659], 
            [-116.919401309323, 46.568425392518]
          ], 
          [
            [-109.672448424755, 45.9607624792051], 
            [-109.661827431391, 45.9726515166542], 
            [-109.535742480531, 46.0211159817173], 
            [-109.423525075622, 46.0820990096616], 
            [-109.137441739545, 46.2927022464116], 
            [-108.826096447193, 46.5481456803789], 
            [-108.522242507486, 46.8180592060676], 
            [-108.39174188538, 47.0232485241002], 
            [-108.403406092317, 47.2189499945467], 
            [-108.557918613054, 47.468889577592], 
            [-108.746749263068, 47.6908692382248], 
            [-108.884237617472, 47.7783103207648], 
            [-109.04171790096, 47.826936663796], 
            [-109.249542232588, 47.8145529992216], 
            [-109.65010027191, 47.7612861544326], 
            [-110.056818667248, 47.6848707601776], 
            [-110.273977961714, 47.5892908131206], 
            [-110.371131722351, 47.4365319703742], 
            [-110.463770886317, 47.1365271290239], 
            [-110.493286635869, 46.8384018707498], 
            [-110.442573865691, 46.6490676003895], 
            [-110.365690823972, 46.5075772628805], 
            [-110.26922054809, 46.3694683762646], 
            [-110.055955318083, 46.1187733627006], 
            [-109.860325793401, 45.9767973912867], 
            [-109.672448424755, 45.9607624792051]
          ], 
          [
            [-117.70711748948, 45.870740342393], 
            [-117.696289652046, 45.8824225357715], 
            [-117.595088942201, 45.9065243666063], 
            [-117.466333004864, 45.9516523468784], 
            [-117.421070126285, 46.0005035204212], 
            [-117.371364596799, 46.1058231252371], 
            [-117.336192111577, 46.5176226901351], 
            [-117.429505767077, 46.7448004321943], 
            [-117.495551978141, 46.8059903042093], 
            [-117.545680188989, 46.8040028024874], 
            [-117.866648227234, 46.5717348976475], 
            [-118.157237166762, 46.5832462198372], 
            [-118.29422190082, 46.5778233078995], 
            [-118.325608240228, 46.4401101229839], 
            [-118.266127080101, 46.3277128536653], 
            [-118.09884418631, 46.0846171113907], 
            [-117.930212309451, 45.8901836850291], 
            [-117.70711748948, 45.870740342393]
          ], 
          [
            [-106.296528362094, 45.5106428019238], 
            [-106.281482704263, 45.5274781106264], 
            [-105.799149311292, 45.7360758592136], 
            [-105.441767723402, 45.8464316674875], 
            [-105.06932249124, 45.9263724041632], 
            [-104.930799916483, 45.9634694385638], 
            [-104.794876382439, 46.0200008223802], 
            [-104.697857520108, 46.1725618142764], 
            [-104.960036876201, 46.2335628286617], 
            [-105.179903130025, 46.3181530603156], 
            [-105.41929366547, 46.4853640083424], 
            [-105.602944220499, 46.690904061973], 
            [-105.810112047033, 47.0467478091641], 
            [-105.956090001552, 47.2183564419963], 
            [-106.154615343223, 47.2542303984142], 
            [-106.791668101002, 47.216261021629], 
            [-107.140335258266, 47.2370443541137], 
            [-107.472859584802, 47.207636523207], 
            [-107.688256208058, 47.1499450139513], 
            [-107.83255243035, 47.0381233107423], 
            [-107.86007168496, 46.9058780038669], 
            [-107.635007349709, 46.6478355291864], 
            [-107.493373120673, 46.4662354284224], 
            [-107.345083908496, 46.2115294385329], 
            [-107.24034886301, 45.9833444557821], 
            [-107.100971932309, 45.8946982817004], 
            [-106.802289094366, 45.7700972122166], 
            [-106.587018376197, 45.6724668108947], 
            [-106.395237949871, 45.5238448495603], 
            [-106.296528362094, 45.5106428019238]
          ], 
          [
            [-103.100670559499, 43.8451883047965], 
            [-103.089842722064, 43.856870498175], 
            [-103.046117684184, 43.8973849563507], 
            [-102.999820585252, 43.9759857031777], 
            [-103.074095593037, 44.1163608813497], 
            [-103.25645112432, 44.148592583481], 
            [-103.399362390662, 43.9943588525791], 
            [-103.352049057818, 43.8593796066836], 
            [-103.100670559499, 43.8451883047965]
          ], 
          [
            [-122.928527329672, 43.5076007951407], 
            [-122.871627223817, 43.5857428877242], 
            [-122.842147447147, 43.6499814614753], 
            [-122.850843891332, 43.7958874702306], 
            [-122.932826089053, 43.8691372508835], 
            [-123.088570680992, 43.9008203665667], 
            [-123.261906012153, 43.8066343686813], 
            [-123.299245863506, 43.6626439158841], 
            [-123.140596461358, 43.5208927749817], 
            [-122.928527329672, 43.5076007951407]
          ], 
          [
            [-116.356749464416, 43.4850907643274], 
            [-116.286818182113, 43.660593461619], 
            [-116.256924717302, 43.8330834300563], 
            [-116.32793518606, 43.9508046858877], 
            [-116.449478560587, 44.0125341511302], 
            [-116.554456423025, 43.9492128858661], 
            [-116.591616409969, 43.8511598031824], 
            [-116.422642790732, 43.496287323801], 
            [-116.356749464416, 43.4850907643274]
          ], 
          [
            [-120.970496391295, 38.7813217006361], 
            [-120.960486936923, 38.7938222770765], 
            [-120.897273590304, 38.8204601960813], 
            [-120.940423062075, 38.9327135738724], 
            [-121.146574654697, 39.0978021218705], 
            [-121.248827571335, 39.1289186646648], 
            [-121.273082286918, 39.0144889275221], 
            [-121.19993143169, 38.8241743961316], 
            [-121.025516914074, 38.7938222770765], 
            [-120.970496391295, 38.7813217006361]
          ], 
          [
            [-121.465636130203, 38.1286477189172], 
            [-121.454808292768, 38.1403299122957], 
            [-121.363644016958, 38.1691891567543], 
            [-121.259673395211, 38.2407302255196], 
            [-121.341358816656, 38.4395973095683], 
            [-121.270546198748, 38.5734164300243], 
            [-121.277075276803, 38.738028337338], 
            [-121.428620034787, 38.7741271242675], 
            [-121.558572070445, 38.8635467153088], 
            [-121.669944112631, 38.8591310440625], 
            [-121.724020347261, 38.7863938769759], 
            [-121.664044560008, 38.6152618848282], 
            [-121.632028695168, 38.4142813939712], 
            [-121.63889052238, 38.2410180085743], 
            [-121.606245132107, 38.1478662310418], 
            [-121.465636130203, 38.1286477189172]
          ], 
          [
            [-116.176705190792, 37.8810823460735], 
            [-116.165679502507, 37.8925576953814], 
            [-116.030187643045, 37.9146090719512], 
            [-115.899147427712, 37.9414538350266], 
            [-115.638973559782, 38.0540219755338], 
            [-115.50894957836, 38.1893519570273], 
            [-115.43321766886, 38.345456277785], 
            [-115.374195162976, 38.9488564045995], 
            [-115.329795633562, 39.165637983806], 
            [-115.260934544494, 39.366834311954], 
            [-115.190292797774, 39.5039629375396], 
            [-115.046985829732, 39.7153755641311], 
            [-114.806147385793, 39.9467711265863], 
            [-114.581280901392, 40.0802485046648], 
            [-114.001272140996, 40.336177572537], 
            [-113.857002898365, 40.4456520452058], 
            [-113.732069079724, 40.6660039329352], 
            [-113.66035713977, 40.9601721742065], 
            [-113.62248668841, 41.3200898502665], 
            [-113.668846739885, 41.6373616749015], 
            [-113.740315862887, 41.8461572743388], 
            [-114.089153891339, 41.7452083746668], 
            [-114.371226251091, 41.6992889909942], 
            [-114.663478936404, 41.7419977949623], 
            [-114.808134887515, 41.7915144668192], 
            [-115.007685456319, 41.8943069766857], 
            [-115.204340208134, 42.053055304259], 
            [-115.536774602466, 42.4350243568886], 
            [-115.703266092856, 42.5584383212716], 
            [-115.850143369421, 42.5283559988303], 
            [-116.086161447193, 42.489936961022], 
            [-116.398738810747, 42.5298938395292], 
            [-116.600726542296, 42.5990337184314], 
            [-116.761408412268, 42.6817983263318], 
            [-116.986841469558, 42.8762317526933], 
            [-117.176049834832, 43.1429436918979], 
            [-117.273275541233, 43.2066966317442], 
            [-117.520993798825, 43.3043989788299], 
            [-117.728800144011, 43.3449673963283], 
            [-117.906110478616, 43.3147231959188], 
            [-118.083348867456, 43.2234150285808], 
            [-118.348316121891, 43.0009857069249], 
            [-118.577643243641, 42.8235314807933], 
            [-119.08745092512, 42.5502185177705], 
            [-119.229220052463, 42.4357797874073], 
            [-119.323909670695, 42.2913486668076], 
            [-119.541761443136, 41.7655330529082], 
            [-119.822215023205, 41.2638462495049], 
            [-119.856218389767, 41.0848901555563], 
            [-119.800496395792, 40.9220948787757], 
            [-119.247170520503, 40.8226748265821], 
            [-119.080759969097, 40.7885905210358], 
            [-118.702487130077, 40.6741248110113], 
            [-118.298871395798, 40.4662015539586], 
            [-118.092072291303, 40.2925964261842], 
            [-117.975942835493, 40.1717275431917], 
            [-117.816268206213, 39.9281911331144], 
            [-117.736705184796, 39.7264552117387], 
            [-117.662250312602, 39.421036451671], 
            [-117.628570701976, 38.9048795565464], 
            [-117.604262027071, 38.7385499441247], 
            [-117.531686737953, 38.5264987988805], 
            [-117.345688952383, 38.2813795820022], 
            [-117.227913737229, 38.168226882165], 
            [-116.99175176793, 38.0006921782015], 
            [-116.662806743137, 37.8939516445528], 
            [-116.176705190792, 37.8810823460735]
          ], 
          [
            [-122.275853347954, 37.7910512160408], 
            [-122.26543919866, 37.8031470975606], 
            [-122.198008031645, 37.8612433017371], 
            [-122.173618417756, 37.9685683947157], 
            [-122.085610762327, 38.1263094815974], 
            [-122.133005034155, 38.2112414556287], 
            [-122.375857959477, 38.4204777228687], 
            [-122.495054103464, 38.4541483402738], 
            [-122.5664063146, 38.3713297730507], 
            [-122.623855006903, 38.2214127879699], 
            [-122.519803446172, 38.1317683664171], 
            [-122.458496662291, 38.0338771617018], 
            [-122.473047692997, 37.8527447084016], 
            [-122.353788596467, 37.8256481351534], 
            [-122.275853347954, 37.7910512160408]
          ], 
          [
            [-121.218061764139, 37.6560180108226], 
            [-121.208870692828, 37.6693279771045], 
            [-121.136151512182, 37.7195371269369], 
            [-121.096338525203, 37.8276806029775], 
            [-121.171872583853, 37.8677633865711], 
            [-121.288757470181, 37.8415661353689], 
            [-121.325719606275, 37.7880205007456], 
            [-121.285717761665, 37.6927912892867], 
            [-121.218061764139, 37.6560180108226]
          ], 
          [
            [-119.845192701482, 37.5209848056044], 
            [-119.852890898196, 37.5471640703656], 
            [-119.872810881517, 37.5291056836804], 
            [-119.845192701482, 37.5209848056044]
          ], 
          [
            [-118.179747197575, 35.0228030599134], 
            [-118.187445394289, 35.0489913178951], 
            [-118.20736537761, 35.0309239379894], 
            [-118.179747197575, 35.0228030599134]
          ], 
          [
            [-117.527064222636, 33.8074772332878], 
            [-117.517261612333, 33.8201846537988], 
            [-117.399900085321, 33.8528570237327], 
            [-117.283599758322, 33.9390930147309], 
            [-117.294769338134, 34.0147170055854], 
            [-117.377399047728, 34.0784969250931], 
            [-117.469354726939, 34.0423441788408], 
            [-117.647492437826, 34.0205715921054], 
            [-117.671909031377, 33.917311434775], 
            [-117.621529010356, 33.8337824031355], 
            [-117.527064222636, 33.8074772332878]
          ], 
          [
            [-108.164537163659, 32.9747499847241], 
            [-108.153511475374, 32.9862343272525], 
            [-108.066502067416, 33.0284395108748], 
            [-107.958691340533, 33.1015274135594], 
            [-107.774042538033, 33.3247301521749], 
            [-107.69903008617, 33.5149187784789], 
            [-107.703463743857, 33.7322399509131], 
            [-107.755147781845, 33.8832451156696], 
            [-107.879038386912, 34.1237328240107], 
            [-108.048659518022, 34.393367559865], 
            [-108.245242324074, 34.6524352616781], 
            [-108.899885821074, 35.2181717812028], 
            [-109.476297293285, 35.8181005249194], 
            [-109.799927324786, 36.1899611977511], 
            [-110.169009092496, 36.6878438688995], 
            [-110.291298904321, 36.8393436607814], 
            [-110.460290509999, 37.0017072629799], 
            [-110.642232353141, 37.1365695970094], 
            [-110.857853806908, 37.2411877306293], 
            [-110.947021587776, 37.2393621068758], 
            [-110.943640136883, 37.0737699385319], 
            [-110.741031873122, 36.6211861188444], 
            [-110.588641752415, 36.2758284667104], 
            [-110.42322944848, 35.7660747445539], 
            [-110.31274773512, 35.2627601682473], 
            [-109.899392343082, 35.1398318377692], 
            [-109.697188774242, 35.0523457891269], 
            [-109.4937531342, 34.9144437465817], 
            [-109.384755302215, 34.8009942704693], 
            [-109.296181073897, 34.6658981127078], 
            [-109.25270784619, 34.5762896640368], 
            [-109.203955598072, 34.4260669094604], 
            [-109.211995537164, 34.0324246566727], 
            [-109.329429009941, 33.7609912767261], 
            [-109.526524429559, 33.5262052701572], 
            [-109.502359646181, 33.4792966322338], 
            [-109.26305904294, 33.3372487150563], 
            [-108.68530758088, 33.0855104879188], 
            [-108.436654028361, 32.9874394187942], 
            [-108.164537163659, 32.9747499847241]
          ], 
          [
            [-106.454071598126, 31.7144130896924], 
            [-106.423197872284, 31.7879236737386], 
            [-106.484846398542, 31.8136262978155], 
            [-106.508282731063, 31.7283256017452], 
            [-106.454071598126, 31.7144130896924]
          ], 
          [
            [-114.74401322563, 31.6730802484548], 
            [-114.76393320895, 31.6550128685491], 
            [-114.736315028915, 31.6468919904731], 
            [-114.74401322563, 31.6730802484548]
          ], 
          [
            [-104.158453150093, 31.1967723131918], 
            [-104.147427461808, 31.2082476624997], 
            [-104.006081015826, 31.276820968513], 
            [-103.875553414059, 31.4126815500136], 
            [-103.82932826089, 31.555134162112], 
            [-103.832934542295, 31.7318869170477], 
            [-103.934189211463, 31.9284427434379], 
            [-104.341752969524, 32.2605533818332], 
            [-104.780954877166, 32.6733781738637], 
            [-104.915781238313, 32.6706262484027], 
            [-105.011334205709, 32.5711702233272], 
            [-105.078018935425, 32.402115665106], 
            [-105.069610274295, 31.9903340866489], 
            [-104.998159137734, 31.7815744600933], 
            [-104.915970095943, 31.6220347291195], 
            [-104.684394669079, 31.362742196795], 
            [-104.428231777474, 31.2106758320241], 
            [-104.158453150093, 31.1967723131918]
          ], 
          [
            [-110.932785319787, 31.1067501763796], 
            [-110.897783705753, 31.1617706991585], 
            [-110.877764797008, 31.2202356253739], 
            [-110.930276211278, 31.3095562909901], 
            [-111.042781399242, 31.2955628399532], 
            [-111.087252874421, 31.2400207103876], 
            [-111.072854728463, 31.1242689698372], 
            [-110.932785319787, 31.1067501763796]
          ]
        ]
      }, 
      "properties" : {
        "OBJECTID" : 98, 
        "Id" : 98, 
        "gridcode" : 1, 
        "Unixtime" : 1790650800, 
        "Timestamp" : 1790650800000, 
        "Shape__Area" : 8340203926524.793, 
        "Shape__Length" : 37468586.9326852
      }
    }, 
    {
      "type" : "Feature", 
      "id" : 99, 
      "geometry" : 
      {
        "type" : "Polygon", 
        "coordinates" : 
        [
          [
            [-88.899332238392, 30.1840007910038], 
            [-89.0204439383371, 30.1939922589357], 
            [-88.9966748566592, 30.2306036594314], 
            [-88.8385740409591, 30.2826024601355], 
            [-88.8407504003106, 30.2287330695756], 
            [-88.8907527060725, 30.1979222962771], 
            [-88.899332238392, 30.1840007910038]
          ]
        ]
      }, 
      "properties" : {
        "OBJECTID" : 99, 
        "Id" : 99, 
        "gridcode" : 1, 
        "Unixtime" : 1790650800, 
        "Timestamp" : 1790650800000, 
        "Shape__Area" : 141471738.75, 
        "Shape__Length" : 53597.839668067973
      }
    }, 
    {
      "type" : "Feature", 
      "id" : 100, 
      "geometry" : 
      {
        "type" : "Polygon", 
        "coordinates" : 
        [
          [
            [-81.3597939193538, 30.3865550954414], 
            [-81.350602848043, 30.260712961534], 
            [-81.2844577115541, 29.9935783409678], 
            [-81.2472617517284, 29.9139253873468], 
            [-81.3744888415867, 29.935536096114], 
            [-81.4705364361076, 30.0096762055925], 
            [-81.5271397656876, 30.1536576651692], 
            [-81.5027771314594, 30.2910201144868], 
            [-81.4175034150505, 30.3542424543259], 
            [-81.3597939193538, 30.3865550954414]
          ]
        ]
      }, 
      "properties" : {
        "OBJECTID" : 100, 
        "Id" : 100, 
        "gridcode" : 2, 
        "Unixtime" : 1790650800, 
        "Timestamp" : 1790650800000, 
        "Shape__Area" : 1025313356.8417969, 
        "Shape__Length" : 148855.85296002458
      }
    }, 
    {
      "type" : "Feature", 
      "id" : 101, 
      "geometry" : 
      {
        "type" : "Polygon", 
        "coordinates" : 
        [
          [
            [-95.3810789736157, 29.7338811137225], 
            [-95.4444901710844, 29.751067158023], 
            [-95.5196824873569, 29.8509908305625], 
            [-95.5543333657922, 30.0278515041436], 
            [-95.504870653258, 30.0943473762305], 
            [-95.1818971268509, 30.1582352143837], 
            [-95.1014078037271, 30.098358352556], 
            [-95.1549354519095, 29.9246542993565], 
            [-95.2544814091896, 29.7799713685839], 
            [-95.3363107221621, 29.7940637450459], 
            [-95.3810789736157, 29.7338811137225]
          ]
        ]
      }, 
      "properties" : {
        "OBJECTID" : 101, 
        "Id" : 101, 
        "gridcode" : 2, 
        "Unixtime" : 1790650800, 
        "Timestamp" : 1790650800000, 
        "Shape__Area" : 1853857725.8125, 
        "Shape__Length" : 167831.8317126208
      }
    }, 
    {
      "type" : "Feature", 
      "id" : 102, 
      "geometry" : 
      {
        "type" : "Polygon", 
        "coordinates" : 
        [
          [
            [-88.8768222075788, 29.7113710829092], 
            [-88.936123503297, 29.7214434898253], 
            [-88.8834322246174, 29.8087946401606], 
            [-88.9246031878868, 29.8770441902373], 
            [-88.8634313023127, 29.9242585976563], 
            [-88.9091348486943, 30.0810014370667], 
            [-88.8085097049589, 30.05217816549], 
            [-88.7827081554569, 29.8776287495672], 
            [-88.8191127118821, 29.7886947924308], 
            [-88.8768222075788, 29.7113710829092]
          ]
        ]
      }, 
      "properties" : {
        "OBJECTID" : 102, 
        "Id" : 102, 
        "gridcode" : 1, 
        "Unixtime" : 1790650800, 
        "Timestamp" : 1790650800000, 
        "Shape__Area" : 443183903.47851563, 
        "Shape__Length" : 117490.46346089442
      }
    }, 
    {
      "type" : "Feature", 
      "id" : 103, 
      "geometry" : 
      {
        "type" : "Polygon", 
        "coordinates" : 
        [
          [
            [-86.4461705543276, 30.3640450646281], 
            [-86.3907363434075, 30.46616308296], 
            [-86.3390343189786, 30.5390891076762], 
            [-86.228705490366, 30.5883179964784], 
            [-85.8132996440632, 30.5129997751196], 
            [-85.283446074177, 30.4098385432143], 
            [-85.16288296068, 30.2699040328449], 
            [-85.1295900585343, 30.1233145393346], 
            [-85.1078894175625, 29.688492330057], 
            [-85.1408135976694, 29.5988389152838], 
            [-85.2271305276517, 29.6522046854979], 
            [-85.2871063149044, 29.6557749940208], 
            [-85.3966707197778, 29.6492459159663], 
            [-85.4433275475282, 29.7792788906084], 
            [-85.4464931611304, 29.8324018438701], 
            [-85.4205477201011, 29.904716329595], 
            [-85.5128001755876, 29.9470564115243], 
            [-85.6015542683148, 30.0158365616081], 
            [-85.7153544800252, 30.0820896167425], 
            [-85.9246177269265, 30.2114570930705], 
            [-86.2363946938599, 30.3233237623818], 
            [-86.4342815168785, 30.3534240712639], 
            [-86.4461705543276, 30.3640450646281]
          ]
        ]
      }, 
      "properties" : {
        "OBJECTID" : 103, 
        "Id" : 103, 
        "gridcode" : 1, 
        "Unixtime" : 1790650800, 
        "Timestamp" : 1790650800000, 
        "Shape__Area" : 8042481212.3242188, 
        "Shape__Length" : 452180.92990161944
      }
    }, 
    {
      "type" : "Feature", 
      "id" : 104, 
      "geometry" : 
      {
        "type" : "Polygon", 
        "coordinates" : 
        [
          [
            [-95.133513600772, 29.5538278468777], 
            [-95.2108373102936, 29.5753576166608], 
            [-95.1768159572906, 29.716227421958], 
            [-95.1046543563134, 29.7268933814245], 
            [-95.0598231523166, 29.6525644143164], 
            [-95.133513600772, 29.5538278468777]
          ]
        ]
      }, 
      "properties" : {
        "OBJECTID" : 104, 
        "Id" : 104, 
        "gridcode" : 2, 
        "Unixtime" : 1790650800, 
        "Timestamp" : 1790650800000, 
        "Shape__Area" : 240317686.41015625, 
        "Shape__Length" : 61445.725188179218
      }
    }, 
    {
      "type" : "Feature", 
      "id" : 105, 
      "geometry" : 
      {
        "type" : "Polygon", 
        "coordinates" : 
        [
          [
            [-93.4455580660518, 29.7338811137225], 
            [-93.4641560459647, 29.7940907247072], 
            [-93.6638235266344, 30.0188762701238], 
            [-93.7164698392116, 30.1335758038803], 
            [-93.7668228805714, 30.616826505339], 
            [-93.7950346131568, 30.8022846976808], 
            [-93.8162765998851, 31.046522578954], 
            [-93.6334893940203, 31.2098394625212], 
            [-93.5578294302839, 31.2053248658499], 
            [-93.3555898885624, 31.2412707680316], 
            [-93.149447289161, 31.2289770356617], 
            [-92.9564527780732, 31.1772929976737], 
            [-92.8047731217821, 31.0948611389305], 
            [-92.742234266698, 31.0661637724402], 
            [-92.626860241407, 30.9370301198442], 
            [-92.5797087865312, 30.7760424803762], 
            [-92.6210326345484, 30.0827191421748], 
            [-92.5928298951834, 29.6095768205139], 
            [-92.6128308174882, 29.5538278468777], 
            [-92.723789171533, 29.5855559286633], 
            [-92.9606705984693, 29.6789505231482], 
            [-93.2514573888474, 29.7619849276623], 
            [-93.3249140135708, 29.7188084762303], 
            [-93.4455580660518, 29.7338811137225]
          ]
        ]
      }, 
      "properties" : {
        "OBJECTID" : 105, 
        "Id" : 105, 
        "gridcode" : 1, 
        "Unixtime" : 1790650800, 
        "Timestamp" : 1790650800000, 
        "Shape__Area" : 23615826275.523438, 
        "Shape__Length" : 613207.55083372782
      }
    }, 
    {
      "type" : "Feature", 
      "id" : 106, 
      "geometry" : 
      {
        "type" : "Polygon", 
        "coordinates" : 
        [
          [
            [-85.1408135976694, 29.5988389152838], 
            [-85.1078894175625, 29.688492330057], 
            [-85.1295900585343, 30.1233145393346], 
            [-85.16288296068, 30.2699040328449], 
            [-85.283446074177, 30.4098385432143], 
            [-85.8132996440632, 30.5129997751196], 
            [-86.228705490366, 30.5883179964784], 
            [-86.3390343189786, 30.5390891076762], 
            [-86.3907363434075, 30.46616308296], 
            [-86.4461705543276, 30.3640450646281], 
            [-86.8408650139092, 30.3536309153346], 
            [-86.986312368421, 30.3415440270353], 
            [-87.0772158408383, 30.3703223325097], 
            [-87.4788081005134, 30.5394668229356], 
            [-87.5248533892724, 30.5891633592017], 
            [-87.5849281019503, 30.8413692338032], 
            [-87.6497152621496, 30.9375247469696], 
            [-87.9502507035071, 30.6602008076213], 
            [-88.1278758008275, 30.5299160228063], 
            [-88.2210455648009, 30.5336122364157], 
            [-88.3432724240831, 30.6655337873545], 
            [-88.4481513610964, 30.843923308414], 
            [-88.4825414361383, 31.0358116533852], 
            [-88.435749710081, 31.2143990252949], 
            [-88.3349447019364, 31.3608806001596], 
            [-88.2463614803979, 31.4429527300845], 
            [-88.0565685557942, 31.5325252058736], 
            [-87.6277358313435, 31.5155280192028], 
            [-87.256387772078, 31.530249921097], 
            [-87.043149521733, 31.5217962938639], 
            [-86.6032011767928, 31.3675985358439], 
            [-86.4828628938075, 31.3389281490149], 
            [-86.3509413428686, 31.3441622033231], 
            [-85.9658336562981, 31.5176863921134], 
            [-85.7018376696727, 31.6012693830756], 
            [-85.4151158149429, 31.5899019524132], 
            [-85.2581571382413, 31.5348904228548], 
            [-85.0818360578877, 31.4415857605745], 
            [-84.8813861670379, 31.2784667278573], 
            [-84.7073673511223, 31.1761598518957], 
            [-84.4136757505354, 31.0831699523315], 
            [-84.1232756686371, 31.0201364701221], 
            [-83.8960619536961, 31.0291476770237], 
            [-83.7453625584353, 31.144701566724], 
            [-83.613198190544, 31.2873430364521], 
            [-83.4354202084758, 31.4326554926569], 
            [-83.2888397081859, 31.3812862173851], 
            [-82.8059307491047, 31.0020331173346], 
            [-82.6378114858114, 30.9488112386478], 
            [-82.3218077052613, 30.9854136459231], 
            [-82.2438544703075, 30.9823199780846], 
            [-82.1548935335097, 30.935249462193], 
            [-82.0588369457683, 30.7865015957721], 
            [-82.0241500944512, 30.3523628712496], 
            [-81.9795077480841, 30.0099729818677], 
            [-82.0254361249772, 29.9231794112009], 
            [-82.204203361296, 29.8805965123192], 
            [-82.3830875094809, 29.8282289895763], 
            [-82.5536889016215, 29.7379550425912], 
            [-82.7209807886324, 29.6096667527186], 
            [-82.8404467292331, 29.53942970092], 
            [-83.084972393561, 29.4811896052162], 
            [-83.2656641790585, 29.428291482466], 
            [-83.2953148269177, 29.3962846108462], 
            [-83.3199022916574, 29.4167082145126], 
            [-83.3505421937672, 29.4535894116222], 
            [-83.4181082590889, 29.4828983171037], 
            [-83.4405643305793, 29.6336426784669], 
            [-83.5930893495937, 29.7277207577069], 
            [-83.6327134789439, 29.8190738911472], 
            [-83.7130679037607, 29.9158139636436], 
            [-83.801102538851, 29.9488910284982], 
            [-83.8458348174228, 29.9443314657246], 
            [-83.8730393093166, 29.9770847746427], 
            [-84.0368777996707, 30.0709200369302], 
            [-84.2949832268944, 30.0324740194605], 
            [-84.3242831391555, 29.8680509697765], 
            [-84.5422248438014, 29.8902642243146], 
            [-84.5455523353719, 29.8576638001443], 
            [-84.5394279522382, 29.7975890874665], 
            [-84.6579765843518, 29.7461748460923], 
            [-84.7559397348309, 29.6686442925002], 
            [-84.9895566227399, 29.5690263894564], 
            [-85.0593709931767, 29.5619127520719], 
            [-85.1060188277067, 29.5886316100608], 
            [-85.1408135976694, 29.5988389152838]
          ]
        ]
      }, 
      "properties" : {
        "OBJECTID" : 106, 
        "Id" : 106, 
        "gridcode" : 2, 
        "Unixtime" : 1790650800, 
        "Timestamp" : 1790650800000, 
        "Shape__Area" : 108428277795.95117, 
        "Shape__Length" : 1999472.8820524844
      }
    }, 
    {
      "type" : "Feature", 
      "id" : 107, 
      "geometry" : 
      {
        "type" : "Polygon", 
        "coordinates" : 
        [
          [
            [-89.169407642049, 29.3512735424401], 
            [-89.1468976112357, 29.3512735424401], 
            [-89.1468976112357, 29.306262474034], 
            [-89.169407642049, 29.306262474034], 
            [-89.169407642049, 29.3512735424401]
          ]
        ]
      }, 
      "properties" : {
        "OBJECTID" : 107, 
        "Id" : 107, 
        "gridcode" : 1, 
        "Unixtime" : 1790650800, 
        "Timestamp" : 1790650800000, 
        "Shape__Area" : 14401552.3515625, 
        "Shape__Length" : 16506.161100860685
      }
    }, 
    {
      "type" : "Feature", 
      "id" : 108, 
      "geometry" : 
      {
        "type" : "Polygon", 
        "coordinates" : 
        [
          [
            [-82.0799890002921, 29.1487192380025], 
            [-82.1076071803271, 29.1568401160786], 
            [-82.0876871970065, 29.1749074959843], 
            [-82.0799890002921, 29.1487192380025]
          ]
        ]
      }, 
      "properties" : {
        "OBJECTID" : 108, 
        "Id" : 108, 
        "gridcode" : 2, 
        "Unixtime" : 1790650800, 
        "Timestamp" : 1790650800000, 
        "Shape__Area" : 4688349.537109375, 
        "Shape__Length" : 9887.9150108281756
      }
    }, 
    {
      "type" : "Feature", 
      "id" : 109, 
      "geometry" : 
      {
        "type" : "Polygon", 
        "coordinates" : 
        [
          [
            [-95.0660014947731, 29.1037081695964], 
            [-95.0955981833094, 29.1824797876122], 
            [-95.0452001758474, 29.3166046775639], 
            [-94.8953011772075, 29.4231023942602], 
            [-94.665560367317, 29.4515119776957], 
            [-94.6383828550846, 29.4187946416595], 
            [-94.6761723674607, 29.388532454809], 
            [-94.6410808212229, 29.3288354573905], 
            [-94.743378703964, 29.2857219585017], 
            [-95.0309908875194, 29.1137176239692], 
            [-95.0660014947731, 29.1037081695964]
          ]
        ]
      }, 
      "properties" : {
        "OBJECTID" : 109, 
        "Id" : 109, 
        "gridcode" : 2, 
        "Unixtime" : 1790650800, 
        "Timestamp" : 1790650800000, 
        "Shape__Area" : 1147046732.3867188, 
        "Shape__Length" : 150937.04951512482
      }
    }, 
    {
      "type" : "Feature", 
      "id" : 110, 
      "geometry" : 
      {
        "type" : "Polygon", 
        "coordinates" : 
        [
          [
            [-92.6128308174882, 29.5538278468777], 
            [-92.5928298951834, 29.6095768205139], 
            [-92.6210326345484, 30.0827191421748], 
            [-92.5797087865312, 30.7760424803762], 
            [-92.626860241407, 30.9370301198442], 
            [-92.742234266698, 31.0661637724402], 
            [-92.8047731217821, 31.0948611389305], 
            [-92.9564527780732, 31.1772929976737], 
            [-93.149447289161, 31.2289770356617], 
            [-93.3555898885624, 31.2412707680316], 
            [-93.5578294302839, 31.2053248658499], 
            [-93.6334893940203, 31.2098394625212], 
            [-93.8162765998851, 31.046522578954], 
            [-93.7950346131568, 30.8022846976808], 
            [-93.7668228805714, 30.616826505339], 
            [-93.7164698392116, 30.1335758038803], 
            [-93.6638235266344, 30.0188762701238], 
            [-93.4641560459647, 29.7940907247072], 
            [-93.4455580660518, 29.7338811137225], 
            [-93.6553788926217, 29.7225046898396], 
            [-93.789144053755, 29.6921165979027], 
            [-93.8182191355046, 29.6269607156645], 
            [-93.9586212933379, 29.6575826313335], 
            [-94.0982320477708, 29.6438499836898], 
            [-94.1411926619118, 29.9826695645489], 
            [-94.1895851812111, 30.0911098168646], 
            [-94.3223161219914, 30.2547954224709], 
            [-94.4566568492341, 30.4107378652603], 
            [-94.5070638499167, 30.4541571336449], 
            [-94.5379375757585, 30.5095014123603], 
            [-94.558774867566, 30.5561852197721], 
            [-94.5708617558653, 30.5665993690657], 
            [-94.5708617558653, 30.634120468285], 
            [-94.5933717866786, 30.634120468285], 
            [-94.5818874441502, 30.6676831670446], 
            [-94.5918699188616, 31.1571661702826], 
            [-94.6572866044932, 31.1888942520682], 
            [-94.7849004028313, 31.2303080322899], 
            [-94.8598588953716, 31.2559656902645], 
            [-94.9651605137466, 31.3102127960838], 
            [-94.9644860222121, 31.3432718744975], 
            [-94.9929585581909, 31.3985352142288], 
            [-95.116318563251, 31.4899782798738], 
            [-95.2479703175761, 31.7117600896565], 
            [-95.2795814874956, 31.9059417058451], 
            [-95.3140165286398, 32.0740609691385], 
            [-95.3635242072763, 32.3276697861318], 
            [-95.4430692422517, 32.9421225808925], 
            [-95.4363692930084, 33.2701413039781], 
            [-95.2810743620921, 33.300862145072], 
            [-94.4882230530514, 33.1097921831628], 
            [-94.0408912741129, 33.0473432602833], 
            [-93.7227920731956, 33.053836365456], 
            [-93.3795208482085, 33.1531844718859], 
            [-93.2024173576748, 33.2605815106283], 
            [-92.9619026696724, 33.571387209752], 
            [-92.8581478852167, 33.6482972311324], 
            [-92.6980865474562, 33.6873188147116], 
            [-92.0937241460525, 33.7328065238021], 
            [-91.8306094950321, 33.7274375711871], 
            [-91.6763128115869, 33.6479554887549], 
            [-91.409205170682, 33.3343978641702], 
            [-91.1608214147764, 33.0463989721349], 
            [-91.0498180946293, 32.8594119323149], 
            [-91.0952158715152, 31.9701263202735], 
            [-91.0923110613064, 31.8275567963092], 
            [-91.0477856268052, 31.6101636781113], 
            [-90.9520078288981, 31.4688711914524], 
            [-90.7783577350214, 31.3657908985312], 
            [-90.7790232333355, 31.3332174540224], 
            [-90.3299107967458, 31.1874733232353], 
            [-90.3061866811703, 31.1627869330706], 
            [-90.1440658959243, 31.0708762199617], 
            [-89.9502080356722, 30.9237741128851], 
            [-89.8502663766919, 30.7713480192957], 
            [-89.7595607551247, 30.3446107152124], 
            [-89.6661301877579, 30.1286565122883], 
            [-89.3719619464866, 29.7113710829092], 
            [-89.3549737530362, 29.6691119399641], 
            [-89.4839455276639, 29.593164193173], 
            [-89.5165909179365, 29.4743727441069], 
            [-89.4255705336532, 29.4091898822074], 
            [-89.2867961487232, 29.4330848689716], 
            [-89.2320544157786, 29.3594933459412], 
            [-89.1819351981508, 29.3681178443631], 
            [-89.169407642049, 29.3512735424401], 
            [-89.169407642049, 29.306262474034], 
            [-89.1468976112357, 29.306262474034], 
            [-89.156700221538, 29.2710540159302], 
            [-89.2975340539534, 29.2318345815008], 
            [-89.4267756251949, 29.181031879118], 
            [-89.4619840832988, 29.1712292688158], 
            [-89.5401171826618, 29.2056193438577], 
            [-89.6089063259661, 29.226861330586], 
            [-89.6908525508045, 29.2713867650872], 
            [-89.8664901464031, 29.2818548737035], 
            [-89.9452347847575, 29.226861330586], 
            [-90.0140149348413, 29.1831093130444], 
            [-90.1213220413791, 29.108150820504], 
            [-90.2282244529961, 29.050063609548], 
            [-90.3481310613993, 29.0429139992817], 
            [-90.3806145737036, 29.0792735896045], 
            [-90.4677229070864, 29.0319422703196], 
            [-90.5761631594022, 29.0708559352533], 
            [-90.6558430926845, 29.0275535787347], 
            [-90.8421286613086, 29.0164559446862], 
            [-90.9493728153031, 29.1364884581759], 
            [-91.0717975254354, 29.1593402313667], 
            [-91.1380505805698, 29.1831093130444], 
            [-91.2982737962986, 29.2203862118542], 
            [-91.3856159534134, 29.3181515114832], 
            [-91.43063601504, 29.3583691933836], 
            [-91.4093940283117, 29.4081736482953], 
            [-91.364508864992, 29.4482744183298], 
            [-91.4769061343106, 29.4744267034297], 
            [-91.5206581518522, 29.4981957851075], 
            [-91.5669372643432, 29.5194377718358], 
            [-91.5881792510715, 29.5882179219196], 
            [-91.659666360514, 29.6102962781508], 
            [-91.653263187546, 29.7177472762159], 
            [-91.7468016735583, 29.7233230729016], 
            [-91.8724279701746, 29.6782490519523], 
            [-91.9084727977813, 29.7020990726142], 
            [-91.9019167400654, 29.8120142130855], 
            [-91.9495358424052, 29.7907722263573], 
            [-91.9932878599467, 29.7670031446794], 
            [-92.0847579052531, 29.7250227915687], 
            [-92.0825995323425, 29.6888610520959], 
            [-92.0847309255917, 29.6530500482212], 
            [-92.0276779349887, 29.6564494855554], 
            [-91.9714073545657, 29.6530950143235], 
            [-91.8447648240373, 29.6606403262901], 
            [-91.7701210942131, 29.6200809020121], 
            [-91.6605207164578, 29.5697818199751], 
            [-91.7631603415765, 29.4549024218094], 
            [-91.8341708103346, 29.4506666149724], 
            [-92.0926719392585, 29.5644488402419], 
            [-92.174600177656, 29.5432068535135], 
            [-92.290109101254, 29.5017660936304], 
            [-92.6128308174882, 29.5538278468777]
          ], 
          [
            [-94.5258506874592, 31.0617391079736], 
            [-94.5344302197788, 31.1431817124661], 
            [-94.5692969355051, 31.1603407771053], 
            [-94.5416068097064, 31.0714427928507], 
            [-94.5258506874592, 31.0617391079736]
          ], 
          [
            [-89.7770705553618, 30.1389897225977], 
            [-89.792475942011, 30.1928591131576], 
            [-89.8320910781407, 30.1547188651836], 
            [-89.7770705553618, 30.1389897225977]
          ], 
          [
            [-90.0696469966116, 30.0489585925651], 
            [-90.059232847318, 30.0610544740848], 
            [-89.9900390090929, 30.0818827726719], 
            [-89.8409763799559, 30.2051798251888], 
            [-89.9955878261172, 30.2403073443086], 
            [-90.035050077499, 30.2861098161152], 
            [-90.0790898780953, 30.3240612064596], 
            [-90.1808931337111, 30.3547101017899], 
            [-90.2217943003667, 30.3514185831012], 
            [-90.3017800031446, 30.2585815682849], 
            [-90.4155892080755, 30.1605284856012], 
            [-90.367214675217, 30.0738338403595], 
            [-90.0696469966116, 30.0489585925651]
          ], 
          [
            [-89.5069951517048, 29.5988389152838], 
            [-89.5146933484193, 29.6250271732655], 
            [-89.5346133317398, 29.6069597933599], 
            [-89.5069951517048, 29.5988389152838]
          ]
        ]
      }, 
      "properties" : {
        "OBJECTID" : 110, 
        "Id" : 110, 
        "gridcode" : 2, 
        "Unixtime" : 1790650800, 
        "Timestamp" : 1790650800000, 
        "Shape__Area" : 228025247200.52344, 
        "Shape__Length" : 3130797.7295797444
      }
    }, 
    {
      "type" : "Feature", 
      "id" : 111, 
      "geometry" : 
      {
        "type" : "Polygon", 
        "coordinates" : 
        [
          [
            [-89.4619840832988, 29.1712292688158], 
            [-89.4267756251949, 29.181031879118], 
            [-89.2975340539534, 29.2318345815008], 
            [-89.156700221538, 29.2710540159302], 
            [-89.1468976112357, 29.306262474034], 
            [-89.1110776141405, 29.2970714027231], 
            [-89.0786570543795, 29.2501088054771], 
            [-88.9853703785401, 29.2261688526106], 
            [-88.9749472360261, 29.1796739028284], 
            [-89.0302465486392, 29.0995892746254], 
            [-89.0905191121672, 29.057968650333], 
            [-89.1157990548824, 28.9594748998468], 
            [-89.2190861918742, 28.987857503621], 
            [-89.2481972465056, 29.0300087279205], 
            [-89.3177508135491, 28.9819849306601], 
            [-89.3799119533739, 28.8919627938479], 
            [-89.4625956222901, 28.9221350484938], 
            [-89.3501264072079, 29.0923317457136], 
            [-89.4481974763324, 29.1174947765628], 
            [-89.4619840832988, 29.1712292688158]
          ]
        ]
      }, 
      "properties" : {
        "OBJECTID" : 111, 
        "Id" : 111, 
        "gridcode" : 1, 
        "Unixtime" : 1790650800, 
        "Timestamp" : 1790650800000, 
        "Shape__Area" : 1483969676.3007813, 
        "Shape__Length" : 197266.27822317823
      }
    }, 
    {
      "type" : "Feature", 
      "id" : 112, 
      "geometry" : 
      {
        "type" : "Polygon", 
        "coordinates" : 
        [
          [
            [-102.943127323467, 28.3159919894388], 
            [-103.333675908416, 28.3271435828101], 
            [-103.541931914626, 28.3845113361293], 
            [-103.758830405699, 28.5057309547199], 
            [-103.948938093019, 28.6755949027826], 
            [-104.063988362373, 28.8402967423009], 
            [-104.139549400684, 28.9793589102855], 
            [-104.212628310148, 29.2261328797287], 
            [-104.2343199579, 29.5900345524527], 
            [-104.166681946814, 29.8807224174057], 
            [-104.024202355055, 30.191168387711], 
            [-103.863979139326, 30.4119429568021], 
            [-103.684744255543, 30.5508432468185], 
            [-103.5504035283, 30.5990469084881], 
            [-103.360745502003, 30.6103513866073], 
            [-103.073888748967, 30.5436037043476], 
            [-102.81318428103, 30.4239489061172], 
            [-102.542191568886, 30.2340930289702], 
            [-102.319681308246, 29.978964357719], 
            [-102.201501398171, 29.7614992937575], 
            [-102.123746014067, 29.4989152427443], 
            [-102.10739633927, 29.2246040322503], 
            [-102.160968953554, 28.9943506087936], 
            [-102.260838666771, 28.7767506465252], 
            [-102.479113120574, 28.5324588059293], 
            [-102.687809794586, 28.4034420651992], 
            [-102.932506330103, 28.327881026888], 
            [-102.943127323467, 28.3159919894388]
          ]
        ]
      }, 
      "properties" : {
        "OBJECTID" : 112, 
        "Id" : 112, 
        "gridcode" : 1, 
        "Unixtime" : 1790650800, 
        "Timestamp" : 1790650800000, 
        "Shape__Area" : 53514031851.414063, 
        "Shape__Length" : 833426.42312763317
      }
    }, 
    {
      "type" : "Feature", 
      "id" : 113, 
      "geometry" : 
      {
        "type" : "Polygon", 
        "coordinates" : 
        [
          [
            [-80.4820556023841, 27.978404479783], 
            [-80.4013324555284, 27.8490729763368], 
            [-80.3245123663526, 27.66331800772], 
            [-80.5171201689606, 27.608297484941], 
            [-80.7151778631678, 27.6376693429659], 
            [-80.7289734633546, 27.748555751247], 
            [-80.6414064757282, 27.8579043188294], 
            [-80.4820556023841, 27.978404479783]
          ]
        ]
      }, 
      "properties" : {
        "OBJECTID" : 113, 
        "Id" : 113, 
        "gridcode" : 2, 
        "Unixtime" : 1790650800, 
        "Timestamp" : 1790650800000, 
        "Shape__Area" : 1303615770.0410156, 
        "Shape__Length" : 142608.43209753826
      }
    }, 
    {
      "type" : "Feature", 
      "id" : 114, 
      "geometry" : 
      {
        "type" : "Polygon", 
        "coordinates" : 
        [
          [
            [-81.719891459823, 26.4930032495004], 
            [-81.719891459823, 26.5155042870933], 
            [-81.6973814290097, 26.5155042870933], 
            [-81.6973814290097, 26.4930032495004], 
            [-81.719891459823, 26.4930032495004]
          ]
        ]
      }, 
      "properties" : {
        "OBJECTID" : 114, 
        "Id" : 114, 
        "gridcode" : 3, 
        "Unixtime" : 1790650800, 
        "Timestamp" : 1790650800000, 
        "Shape__Area" : 7013680.125, 
        "Shape__Length" : 10609.555629760027
      }
    }, 
    {
      "type" : "Feature", 
      "id" : 115, 
      "geometry" : 
      {
        "type" : "Polygon", 
        "coordinates" : 
        [
          [
            [-81.6973814290097, 26.5155042870933], 
            [-81.6973814290097, 26.5380143179065], 
            [-81.6523703606036, 26.5380143179065], 
            [-81.6523703606036, 26.5155042870933], 
            [-81.6973814290097, 26.5155042870933]
          ]
        ]
      }, 
      "properties" : {
        "OBJECTID" : 115, 
        "Id" : 115, 
        "gridcode" : 3, 
        "Unixtime" : 1790650800, 
        "Timestamp" : 1790650800000, 
        "Shape__Area" : 14032913.28515625, 
        "Shape__Length" : 15622.49870700296
      }
    }, 
    {
      "type" : "Feature", 
      "id" : 116, 
      "geometry" : 
      {
        "type" : "Polygon", 
        "coordinates" : 
        [
          [
            [-81.764902528229, 26.4704932186872], 
            [-81.764902528229, 26.4930032495004], 
            [-81.719891459823, 26.4930032495004], 
            [-81.719891459823, 26.4704932186872], 
            [-81.764902528229, 26.4704932186872]
          ]
        ]
      }, 
      "properties" : {
        "OBJECTID" : 116, 
        "Id" : 116, 
        "gridcode" : 3, 
        "Unixtime" : 1790650800, 
        "Timestamp" : 1790650800000, 
        "Shape__Area" : 14027416.91015625, 
        "Shape__Length" : 15620.304811351001
      }
    }, 
    {
      "type" : "Feature", 
      "id" : 117, 
      "geometry" : 
      {
        "type" : "Polygon", 
        "coordinates" : 
        [
          [
            [-81.8999357334473, 26.4479921810944], 
            [-82.0467050913668, 26.4663473440548], 
            [-82.1717198489918, 26.5664598742239], 
            [-82.2217041683127, 26.741503917272], 
            [-82.1268886449949, 26.8976082380298], 
            [-81.989265392284, 26.9981434495607], 
            [-81.8140324916062, 26.9699317169752], 
            [-81.6908343645143, 26.8233961827877], 
            [-81.6713640422168, 26.6668871671092], 
            [-81.7646776977175, 26.5132649751985], 
            [-81.8899352722949, 26.4604837643143], 
            [-81.8999357334473, 26.4479921810944]
          ]
        ]
      }, 
      "properties" : {
        "OBJECTID" : 117, 
        "Id" : 117, 
        "gridcode" : 1, 
        "Unixtime" : 1790650800, 
        "Timestamp" : 1790650800000, 
        "Shape__Area" : 3060961864.7148438, 
        "Shape__Length" : 201029.56505134978
      }
    }, 
    {
      "type" : "Feature", 
      "id" : 118, 
      "geometry" : 
      {
        "type" : "Polygon", 
        "coordinates" : 
        [
          [
            [-81.8099135966351, 26.4479921810944], 
            [-81.8099135966351, 26.4704932186872], 
            [-81.764902528229, 26.4704932186872], 
            [-81.764902528229, 26.4479921810944], 
            [-81.8099135966351, 26.4479921810944]
          ]
        ]
      }, 
      "properties" : {
        "OBJECTID" : 118, 
        "Id" : 118, 
        "gridcode" : 3, 
        "Unixtime" : 1790650800, 
        "Timestamp" : 1790650800000, 
        "Shape__Area" : 14019070.43359375, 
        "Shape__Length" : 15616.973290340044
      }
    }, 
    {
      "type" : "Feature", 
      "id" : 119, 
      "geometry" : 
      {
        "type" : "Polygon", 
        "coordinates" : 
        [
          [
            [-81.8549246650412, 26.4254821502811], 
            [-81.8549246650412, 26.4479921810944], 
            [-81.8099135966351, 26.4479921810944], 
            [-81.8099135966351, 26.4254821502811], 
            [-81.8549246650412, 26.4254821502811]
          ]
        ]
      }, 
      "properties" : {
        "OBJECTID" : 119, 
        "Id" : 119, 
        "gridcode" : 3, 
        "Unixtime" : 1790650800, 
        "Timestamp" : 1790650800000, 
        "Shape__Area" : 14021933.48046875, 
        "Shape__Length" : 15618.116086458787
      }
    }, 
    {
      "type" : "Feature", 
      "id" : 120, 
      "geometry" : 
      {
        "type" : "Polygon", 
        "coordinates" : 
        [
          [
            [-81.8999357334473, 26.380471081875], 
            [-81.9224457642605, 26.380471081875], 
            [-81.9224457642605, 26.4029811126883], 
            [-81.8999357334473, 26.4029811126883], 
            [-81.8999357334473, 26.380471081875]
          ]
        ]
      }, 
      "properties" : {
        "OBJECTID" : 120, 
        "Id" : 120, 
        "gridcode" : 3, 
        "Unixtime" : 1790650800, 
        "Timestamp" : 1790650800000, 
        "Shape__Area" : 7009631.74609375, 
        "Shape__Length" : 10606.324429186061
      }
    }, 
    {
      "type" : "Feature", 
      "id" : 121, 
      "geometry" : 
      {
        "type" : "Polygon", 
        "coordinates" : 
        [
          [
            [-81.8999357334473, 26.4029811126883], 
            [-81.8999357334473, 26.4254821502811], 
            [-81.8549246650412, 26.4254821502811], 
            [-81.8549246650412, 26.4029811126883], 
            [-81.8999357334473, 26.4029811126883]
          ]
        ]
      }, 
      "properties" : {
        "OBJECTID" : 121, 
        "Id" : 121, 
        "gridcode" : 3, 
        "Unixtime" : 1790650800, 
        "Timestamp" : 1790650800000, 
        "Shape__Area" : 14013595.66796875, 
        "Shape__Length" : 15614.788020904176
      }
    }, 
    {
      "type" : "Feature", 
      "id" : 122, 
      "geometry" : 
      {
        "type" : "Polygon", 
        "coordinates" : 
        [
          [
            [-81.8999357334473, 26.380471081875], 
            [-81.8999357334473, 26.4029811126883], 
            [-81.8549246650412, 26.4029811126883], 
            [-81.8549246650412, 26.4254821502811], 
            [-81.8099135966351, 26.4254821502811], 
            [-81.8099135966351, 26.4479921810944], 
            [-81.764902528229, 26.4479921810944], 
            [-81.764902528229, 26.4704932186872], 
            [-81.719891459823, 26.4704932186872], 
            [-81.719891459823, 26.4930032495004], 
            [-81.6973814290097, 26.4930032495004], 
            [-81.6973814290097, 26.5155042870933], 
            [-81.6523703606036, 26.5155042870933], 
            [-81.6523703606036, 26.5380143179065], 
            [-81.6177734414911, 26.5484284672001], 
            [-81.4278276321394, 26.6601782246454], 
            [-81.302821867735, 26.7159541779431], 
            [-81.2072689003394, 26.6808716249257], 
            [-81.1165452923313, 26.5360178229643], 
            [-81.0793043664033, 26.3125632741758], 
            [-81.1070304650838, 25.967520384758], 
            [-81.1811615813418, 25.6966535777005], 
            [-81.2472617517284, 25.5477438333114], 
            [-81.2597623281688, 25.5577532876841], 
            [-81.3247923053206, 25.6502665465639], 
            [-81.3722944957943, 25.6702854553096], 
            [-81.4254444287174, 25.7577984836132], 
            [-81.4848176701993, 25.782817622935], 
            [-81.6300581806404, 25.868190264769], 
            [-81.6784057338375, 25.8078097825955], 
            [-81.7692192740502, 25.91173543824], 
            [-81.7974130201947, 26.0103640870331], 
            [-81.834914749516, 26.1079045561504], 
            [-81.8677849703001, 26.2968251383695], 
            [-81.8999357334473, 26.380471081875]
          ]
        ]
      }, 
      "properties" : {
        "OBJECTID" : 122, 
        "Id" : 122, 
        "gridcode" : 4, 
        "Unixtime" : 1790650800, 
        "Timestamp" : 1790650800000, 
        "Shape__Area" : 8387381964.2207031, 
        "Shape__Length" : 395354.67384522868
      }
    }, 
    {
      "type" : "Feature", 
      "id" : 123, 
      "geometry" : 
      {
        "type" : "Polygon", 
        "coordinates" : 
        [
          [
            [-79.2217187073524, 25.4577216964991], 
            [-79.2830614641152, 25.4748088153746], 
            [-79.3440534852801, 25.6299328751022], 
            [-79.3174515391571, 25.7798858330648], 
            [-79.2170242462719, 25.7947336400455], 
            [-79.2073385478357, 25.7291640696662], 
            [-79.2315213176547, 25.670078611239], 
            [-79.2990334236535, 25.6424514379835], 
            [-79.2794282030491, 25.6025665052401], 
            [-79.2315213176547, 25.5379412230091], 
            [-79.2217187073524, 25.4577216964991]
          ]
        ]
      }, 
      "properties" : {
        "OBJECTID" : 123, 
        "Id" : 123, 
        "gridcode" : 1, 
        "Unixtime" : 1790650800, 
        "Timestamp" : 1790650800000, 
        "Shape__Area" : 358584500.02734375, 
        "Shape__Length" : 106689.16478940351
      }
    }, 
    {
      "type" : "Feature", 
      "id" : 124, 
      "geometry" : 
      {
        "type" : "Polygon", 
        "coordinates" : 
        [
          [
            [-81.2472617517284, 25.5477438333114], 
            [-81.1811615813418, 25.6966535777005], 
            [-81.1070304650838, 25.967520384758], 
            [-81.0793043664033, 26.3125632741758], 
            [-81.1165452923313, 26.5360178229643], 
            [-81.2072689003394, 26.6808716249257], 
            [-81.302821867735, 26.7159541779431], 
            [-81.4278276321394, 26.6601782246454], 
            [-81.6177734414911, 26.5484284672001], 
            [-81.6523703606036, 26.5380143179065], 
            [-81.5279581487495, 26.6836685164889], 
            [-81.414526659078, 26.8290978845598], 
            [-81.3050431931887, 26.9269171435114], 
            [-81.1862607373431, 26.8842982717479], 
            [-81.0951684072961, 26.7410632494694], 
            [-81.038232328559, 26.5566932368035], 
            [-81.0115854163339, 26.190732116594], 
            [-81.0679639154023, 25.7667107650898], 
            [-81.1466186215521, 25.4245996655422], 
            [-81.1572396149162, 25.367699559687], 
            [-81.1705495811981, 25.3768906309979], 
            [-81.1889407170404, 25.426020594375], 
            [-81.2336460159508, 25.4946748393724], 
            [-81.2472617517284, 25.5477438333114]
          ]
        ]
      }, 
      "properties" : {
        "OBJECTID" : 124, 
        "Id" : 124, 
        "gridcode" : 3, 
        "Unixtime" : 1790650800, 
        "Timestamp" : 1790650800000, 
        "Shape__Area" : 2557777340.3964844, 
        "Shape__Length" : 496647.72137935518
      }
    }, 
    {
      "type" : "Feature", 
      "id" : 125, 
      "geometry" : 
      {
        "type" : "Polygon", 
        "coordinates" : 
        [
          [
            [-81.2022506833223, 25.2776774228748], 
            [-81.2022506833223, 25.3001784604676], 
            [-81.179740652509, 25.3001784604676], 
            [-81.179740652509, 25.2776774228748], 
            [-81.2022506833223, 25.2776774228748]
          ]
        ]
      }, 
      "properties" : {
        "OBJECTID" : 125, 
        "Id" : 125, 
        "gridcode" : 3, 
        "Unixtime" : 1790650800, 
        "Timestamp" : 1790650800000, 
        "Shape__Area" : 6941819.4375, 
        "Shape__Length" : 10552.200263731182
      }
    }, 
    {
      "type" : "Feature", 
      "id" : 126, 
      "geometry" : 
      {
        "type" : "Polygon", 
        "coordinates" : 
        [
          [
            [-81.179740652509, 25.1876462928422], 
            [-81.1266806517906, 25.1740305570646], 
            [-81.0327014979757, 25.1128406850497], 
            [-81.022206409698, 25.0976241560301], 
            [-81.158894367481, 25.1147202681259], 
            [-81.179740652509, 25.1876462928422]
          ]
        ]
      }, 
      "properties" : {
        "OBJECTID" : 126, 
        "Id" : 126, 
        "gridcode" : 1, 
        "Unixtime" : 1790650800, 
        "Timestamp" : 1790650800000, 
        "Shape__Area" : 89190049.908203125, 
        "Shape__Length" : 45855.909148931918
      }
    }, 
    {
      "type" : "Feature", 
      "id" : 127, 
      "geometry" : 
      {
        "type" : "Polygon", 
        "coordinates" : 
        [
          [
            [-80.9321752796654, 25.052613087624], 
            [-80.9546853104786, 25.052613087624], 
            [-80.9546853104786, 25.0751141252168], 
            [-80.9321752796654, 25.0751141252168], 
            [-80.9321752796654, 25.052613087624]
          ]
        ]
      }, 
      "properties" : {
        "OBJECTID" : 127, 
        "Id" : 127, 
        "gridcode" : 1, 
        "Unixtime" : 1790650800, 
        "Timestamp" : 1790650800000, 
        "Shape__Area" : 6929013.49609375, 
        "Shape__Length" : 10541.979243439622
      }
    }, 
    {
      "type" : "Feature", 
      "id" : 128, 
      "geometry" : 
      {
        "type" : "Polygon", 
        "coordinates" : 
        [
          [
            [-80.707119937635, 24.9625909508118], 
            [-80.717776903881, 24.9764045374395], 
            [-80.8617583634576, 25.0330078670195], 
            [-80.9321752796654, 25.052613087624], 
            [-80.9321752796654, 25.0751141252168], 
            [-80.9546853104786, 25.0751141252168], 
            [-80.9546853104786, 25.0976241560301], 
            [-81.022206409698, 25.0976241560301], 
            [-81.0327014979757, 25.1128406850497], 
            [-81.1266806517906, 25.1740305570646], 
            [-81.179740652509, 25.1876462928422], 
            [-81.1946873849148, 25.217719622063], 
            [-81.2022506833223, 25.2776774228748], 
            [-81.179740652509, 25.2776774228748], 
            [-81.179740652509, 25.3001784604676], 
            [-81.172186347322, 25.3376262304662], 
            [-81.1572396149162, 25.367699559687], 
            [-81.1466186215521, 25.4245996655422], 
            [-81.0679639154023, 25.7667107650898], 
            [-81.0115854163339, 26.190732116594], 
            [-81.038232328559, 26.5566932368035], 
            [-81.0951684072961, 26.7410632494694], 
            [-81.1862607373431, 26.8842982717479], 
            [-81.3050431931887, 26.9269171435114], 
            [-81.414526659078, 26.8290978845598], 
            [-81.5279581487495, 26.6836685164889], 
            [-81.6523703606036, 26.5380143179065], 
            [-81.6973814290097, 26.5380143179065], 
            [-81.6973814290097, 26.5155042870933], 
            [-81.719891459823, 26.5155042870933], 
            [-81.719891459823, 26.4930032495004], 
            [-81.764902528229, 26.4930032495004], 
            [-81.764902528229, 26.4704932186872], 
            [-81.8099135966351, 26.4704932186872], 
            [-81.8099135966351, 26.4479921810944], 
            [-81.8549246650412, 26.4479921810944], 
            [-81.8549246650412, 26.4254821502811], 
            [-81.8999357334473, 26.4254821502811], 
            [-81.8999357334473, 26.4029811126883], 
            [-81.9224457642605, 26.4029811126883], 
            [-81.9637516258368, 26.4181436823851], 
            [-82.1495245808946, 26.4032149364203], 
            [-82.2122612868289, 26.4916992325336], 
            [-82.2738018944418, 26.6592878958198], 
            [-82.3224102510322, 26.8207341895313], 
            [-82.458684520674, 27.0129283039981], 
            [-82.4850976091673, 27.1006661628132], 
            [-82.4017394487165, 27.160992685664], 
            [-82.3089653864434, 27.204771682867], 
            [-82.2192490191269, 27.2012193607849], 
            [-82.0353466539249, 27.1367559565223], 
            [-81.7671058672419, 27.3550573899867], 
            [-81.5731760612262, 27.3815604106845], 
            [-81.4115768827669, 27.4056622415193], 
            [-81.3474282412203, 27.4031171601289], 
            [-81.230741205742, 27.4648646118125], 
            [-81.1912519746988, 27.3812006818661], 
            [-81.1263029365313, 27.4155727704671], 
            [-80.9919712025089, 27.2705930634192], 
            [-80.8876228655028, 26.9410095199734], 
            [-80.8533586955473, 26.7258916865522], 
            [-80.831199400332, 25.6420377498424], 
            [-80.778598053857, 25.3399554745656], 
            [-80.650147886016, 24.9734997272307], 
            [-80.6846099068217, 24.9625909508118], 
            [-80.707119937635, 24.9625909508118]
          ], 
          [
            [-81.8999357334473, 26.4479921810944], 
            [-81.8899352722949, 26.4604837643143], 
            [-81.7646776977175, 26.5132649751985], 
            [-81.6713640422168, 26.6668871671092], 
            [-81.6908343645143, 26.8233961827877], 
            [-81.8140324916062, 26.9699317169752], 
            [-81.989265392284, 26.9981434495607], 
            [-82.1268886449949, 26.8976082380298], 
            [-82.2217041683127, 26.741503917272], 
            [-82.1717198489918, 26.5664598742239], 
            [-82.0467050913668, 26.4663473440548], 
            [-81.8999357334473, 26.4479921810944]
          ]
        ]
      }, 
      "properties" : {
        "OBJECTID" : 128, 
        "Id" : 128, 
        "gridcode" : 2, 
        "Unixtime" : 1790650800, 
        "Timestamp" : 1790650800000, 
        "Shape__Area" : 16794305658.076172, 
        "Shape__Length" : 1226471.8140493485
      }
    }, 
    {
      "type" : "Feature", 
      "id" : 129, 
      "geometry" : 
      {
        "type" : "Polygon", 
        "coordinates" : 
        [
          [
            [-80.7521310060411, 24.8950698515924], 
            [-80.8712012449415, 24.903649383912], 
            [-80.8477469259798, 24.951664187952], 
            [-80.8722174788535, 25.0000387208104], 
            [-80.9246209744783, 25.0151563244049], 
            [-80.9321752796654, 25.052613087624], 
            [-80.8617583634576, 25.0330078670195], 
            [-80.717776903881, 24.9764045374395], 
            [-80.707119937635, 24.9625909508118], 
            [-80.6958604256181, 24.9337586860146], 
            [-80.6846099068217, 24.9625909508118], 
            [-80.650147886016, 24.9734997272307], 
            [-80.778598053857, 25.3399554745656], 
            [-80.831199400332, 25.6420377498424], 
            [-80.8533586955473, 26.7258916865522], 
            [-80.8876228655028, 26.9410095199734], 
            [-80.9919712025089, 27.2705930634192], 
            [-81.1263029365313, 27.4155727704671], 
            [-81.1912519746988, 27.3812006818661], 
            [-81.230741205742, 27.4648646118125], 
            [-81.3474282412203, 27.4031171601289], 
            [-81.4115768827669, 27.4056622415193], 
            [-81.5731760612262, 27.3815604106845], 
            [-81.7671058672419, 27.3550573899867], 
            [-82.0353466539249, 27.1367559565223], 
            [-82.2192490191269, 27.2012193607849], 
            [-82.3089653864434, 27.204771682867], 
            [-82.4017394487165, 27.160992685664], 
            [-82.4850976091673, 27.1006661628132], 
            [-82.4971844974665, 27.1110803121068], 
            [-82.5794904511234, 27.2538386937009], 
            [-82.7858938539181, 27.5355423314135], 
            [-82.7907411997465, 27.5957969085006], 
            [-82.7805159080826, 27.723006011918], 
            [-82.8851969942458, 27.8706477122222], 
            [-82.8554564141821, 28.0346660669855], 
            [-82.8907548044906, 28.229333317079], 
            [-82.8345651630518, 28.2606836836052], 
            [-82.7874227013965, 28.2568975377912], 
            [-82.70102483243, 28.4921781714855], 
            [-82.6921934899376, 28.602075325516], 
            [-82.7205760937117, 28.6656753806144], 
            [-82.7647058265126, 28.7447797477872], 
            [-82.7701557181118, 28.8126246029432], 
            [-82.7426544499428, 28.9131148483717], 
            [-82.8122709695295, 28.9340780452657], 
            [-82.8484327090023, 29.1322976174412], 
            [-82.9625207037674, 29.1414707023111], 
            [-82.9923242363744, 29.1157950578957], 
            [-83.0504923863145, 29.0482829518968], 
            [-83.1083727531999, 29.094427166081], 
            [-83.1018976344682, 29.1750244078502], 
            [-83.1326274687826, 29.2438854969182], 
            [-83.2104368122091, 29.2786083211172], 
            [-83.2427314668836, 29.3509857593854], 
            [-83.2953148269177, 29.3962846108462], 
            [-83.2656641790585, 29.428291482466], 
            [-83.084972393561, 29.4811896052162], 
            [-82.8404467292331, 29.53942970092], 
            [-82.7209807886324, 29.6096667527186], 
            [-82.5536889016215, 29.7379550425912], 
            [-82.3830875094809, 29.8282289895763], 
            [-82.204203361296, 29.8805965123192], 
            [-82.0254361249772, 29.9231794112009], 
            [-81.9795077480841, 30.0099729818677], 
            [-82.0241500944512, 30.3523628712496], 
            [-82.0588369457683, 30.7865015957721], 
            [-82.1548935335097, 30.935249462193], 
            [-82.2438544703075, 30.9823199780846], 
            [-82.3218077052613, 30.9854136459231], 
            [-82.6378114858114, 30.9488112386478], 
            [-82.8059307491047, 31.0020331173346], 
            [-83.2888397081859, 31.3812862173851], 
            [-83.4354202084758, 31.4326554926569], 
            [-83.613198190544, 31.2873430364521], 
            [-83.7453625584353, 31.144701566724], 
            [-83.8960619536961, 31.0291476770237], 
            [-84.1232756686371, 31.0201364701221], 
            [-84.4136757505354, 31.0831699523315], 
            [-84.7073673511223, 31.1761598518957], 
            [-84.8813861670379, 31.2784667278573], 
            [-85.0818360578877, 31.4415857605745], 
            [-85.2581571382413, 31.5348904228548], 
            [-85.4151158149429, 31.5899019524132], 
            [-85.7018376696727, 31.6012693830756], 
            [-85.9658336562981, 31.5176863921134], 
            [-86.3509413428686, 31.3441622033231], 
            [-86.4828628938075, 31.3389281490149], 
            [-86.6032011767928, 31.3675985358439], 
            [-87.043149521733, 31.5217962938639], 
            [-87.256387772078, 31.530249921097], 
            [-87.6277358313435, 31.5155280192028], 
            [-88.0565685557942, 31.5325252058736], 
            [-88.2463614803979, 31.4429527300845], 
            [-88.3349447019364, 31.3608806001596], 
            [-88.435749710081, 31.2143990252949], 
            [-88.4825414361383, 31.0358116533852], 
            [-88.4481513610964, 30.843923308414], 
            [-88.3432724240831, 30.6655337873545], 
            [-88.2210455648009, 30.5336122364157], 
            [-88.1278758008275, 30.5299160228063], 
            [-87.9502507035071, 30.6602008076213], 
            [-87.6497152621496, 30.9375247469696], 
            [-87.5849281019503, 30.8413692338032], 
            [-87.5248533892724, 30.5891633592017], 
            [-87.4788081005134, 30.5394668229356], 
            [-87.0772158408383, 30.3703223325097], 
            [-86.986312368421, 30.3415440270353], 
            [-87.0055039008843, 30.3208326403142], 
            [-87.3355910646758, 30.2857051211944], 
            [-87.7699636129303, 30.2079047709885], 
            [-88.1007072818156, 30.1947926555567], 
            [-88.18687132705, 30.2249918898639], 
            [-88.3708636244567, 30.1956829843823], 
            [-88.4475218356641, 30.1688112416456], 
            [-88.5531292235348, 30.1964833810033], 
            [-88.6076461259679, 30.1943250080927], 
            [-88.8201289457942, 30.2233641169605], 
            [-88.7894890436843, 30.279742616029], 
            [-88.4013416485981, 30.2291377644963], 
            [-88.165458469133, 30.2853274059351], 
            [-88.2808414876445, 30.3073518028435], 
            [-88.322426139055, 30.3522279729427], 
            [-88.3482996343206, 30.3532532000752], 
            [-88.46988797495, 30.2889157008989], 
            [-88.5966923834467, 30.2838884906614], 
            [-88.6409120484522, 30.3316065184261], 
            [-88.7407907548893, 30.3276495014234], 
            [-88.9898939684318, 30.3710238037057], 
            [-89.0676943186379, 30.3298618336568], 
            [-89.1585798046142, 30.3082151520077], 
            [-89.2477475854826, 30.2848507652507], 
            [-89.3750016550024, 30.2545346190775], 
            [-89.4070085266221, 30.1940552114789], 
            [-89.4048231740502, 30.1389897225977], 
            [-89.4079348283296, 30.0606407859436], 
            [-89.360279753108, 30.0822964608131], 
            [-89.2297071852383, 30.1721387332161], 
            [-89.1586877232598, 30.1749536112202], 
            [-89.1576894757886, 30.1498715193552], 
            [-89.1813866117027, 30.1050852814607], 
            [-89.1496855095785, 30.0757044302153], 
            [-89.1811168150889, 29.9254726824184], 
            [-89.1793361574377, 29.8805695326579], 
            [-89.2035908730203, 29.858086481506], 
            [-89.2252375546694, 29.8122210571561], 
            [-89.2486019414264, 29.7905743755071], 
            [-89.2708781485077, 29.7433689613086], 
            [-89.3719619464866, 29.7113710829092], 
            [-89.6661301877579, 30.1286565122883], 
            [-89.7595607551247, 30.3446107152124], 
            [-89.8502663766919, 30.7713480192957], 
            [-89.9502080356722, 30.9237741128851], 
            [-90.1440658959243, 31.0708762199617], 
            [-90.3061866811703, 31.1627869330706], 
            [-90.3299107967458, 31.1874733232353], 
            [-90.7790232333355, 31.3332174540224], 
            [-90.7783577350214, 31.3657908985312], 
            [-90.9520078288981, 31.4688711914524], 
            [-91.0477856268052, 31.6101636781113], 
            [-91.0923110613064, 31.8275567963092], 
            [-91.0952158715152, 31.9701263202735], 
            [-91.0498180946293, 32.8594119323149], 
            [-91.1608214147764, 33.0463989721349], 
            [-91.409205170682, 33.3343978641702], 
            [-91.6763128115869, 33.6479554887549], 
            [-91.8306094950321, 33.7274375711871], 
            [-92.0937241460525, 33.7328065238021], 
            [-92.6980865474562, 33.6873188147116], 
            [-92.8581478852167, 33.6482972311324], 
            [-92.9619026696724, 33.571387209752], 
            [-93.2024173576748, 33.2605815106283], 
            [-93.3795208482085, 33.1531844718859], 
            [-93.7227920731956, 33.053836365456], 
            [-94.0408912741129, 33.0473432602833], 
            [-94.4882230530514, 33.1097921831628], 
            [-95.2810743620921, 33.300862145072], 
            [-95.4363692930084, 33.2701413039781], 
            [-95.4430692422517, 32.9421225808925], 
            [-95.3635242072763, 32.3276697861318], 
            [-95.3140165286398, 32.0740609691385], 
            [-95.2795814874956, 31.9059417058451], 
            [-95.2479703175761, 31.7117600896565], 
            [-95.116318563251, 31.4899782798738], 
            [-94.9929585581909, 31.3985352142288], 
            [-94.9644860222121, 31.3432718744975], 
            [-94.9651605137466, 31.3102127960838], 
            [-94.8598588953716, 31.2559656902645], 
            [-94.7849004028313, 31.2303080322899], 
            [-94.6572866044932, 31.1888942520682], 
            [-94.5918699188616, 31.1571661702826], 
            [-94.5818874441502, 30.6676831670446], 
            [-94.5933717866786, 30.634120468285], 
            [-94.5708617558653, 30.634120468285], 
            [-94.5708617558653, 30.5665993690657], 
            [-94.558774867566, 30.5561852197721], 
            [-94.5379375757585, 30.5095014123603], 
            [-94.5070638499167, 30.4541571336449], 
            [-94.4566568492341, 30.4107378652603], 
            [-94.3223161219914, 30.2547954224709], 
            [-94.1895851812111, 30.0911098168646], 
            [-94.1411926619118, 29.9826695645489], 
            [-94.0982320477708, 29.6438499836898], 
            [-94.1179721666821, 29.6225540376388], 
            [-94.4466473948613, 29.4971345850931], 
            [-94.6383828550846, 29.4187946416595], 
            [-94.665560367317, 29.4515119776957], 
            [-94.8953011772075, 29.4231023942602], 
            [-95.0452001758474, 29.3166046775639], 
            [-95.0955981833094, 29.1824797876122], 
            [-95.0660014947731, 29.1037081695964], 
            [-95.1260672142305, 29.0388760432949], 
            [-95.257727961776, 28.9353370961302], 
            [-95.2936199046349, 28.8966032956057], 
            [-95.3693967802371, 28.8444606033742], 
            [-95.4748153104782, 28.8110867622444], 
            [-95.785800874011, 28.6465288142534], 
            [-96.2076908322661, 28.4726359034243], 
            [-96.4271883640517, 28.3043097960603], 
            [-96.6725863707643, 28.1661739297831], 
            [-96.9164015706759, 27.9744474627803], 
            [-97.01641517542, 27.8440097932175], 
            [-97.0590790132858, 27.7633945650073], 
            [-97.056857687832, 27.7075016998437], 
            [-97.1555582823888, 27.6609258110774], 
            [-97.325997796561, 27.282670958498], 
            [-97.3424643832246, 26.8672471257543], 
            [-97.2841343553162, 26.6830120113953], 
            [-97.2226207273646, 26.5075183073241], 
            [-97.1525275670935, 26.2400149647189], 
            [-97.1032267325276, 25.9093882076997], 
            [-97.1558280790026, 25.652317000829], 
            [-97.3909648211695, 25.2523435208369], 
            [-97.7211059442839, 25.1556933805451], 
            [-98.1652091570769, 25.1380936481034], 
            [-98.4649442018134, 25.1953175098952], 
            [-98.7850039247912, 25.3199545522609], 
            [-99.0937142035476, 25.5463858570218], 
            [-99.2987506368324, 25.7749935211341], 
            [-99.536126690894, 26.0768419726789], 
            [-99.6726167978269, 26.2241599170466], 
            [-100.115991559763, 26.6147354816572], 
            [-100.317142921808, 26.8422819457552], 
            [-100.448201123583, 27.0682366098318], 
            [-100.534356175597, 27.3140303182446], 
            [-100.571057508297, 27.5825948608642], 
            [-100.733241246087, 27.7576299106919], 
            [-101.0196483381, 28.0230018600479], 
            [-101.191724618396, 28.2474006969846], 
            [-101.278203426347, 28.4108254991975], 
            [-101.333214955905, 28.5677841758991], 
            [-101.347469210336, 28.9274140689042], 
            [-101.211482723749, 29.2155658456873], 
            [-100.958962086431, 29.4387865707437], 
            [-100.702511411772, 29.5506982061574], 
            [-100.454748188078, 29.6025351288932], 
            [-99.8894253566948, 29.6364395700302], 
            [-99.7656066973911, 29.6948775165842], 
            [-99.6262837260131, 30.1349247869495], 
            [-99.4905850224807, 30.4224560315207], 
            [-99.2643245889086, 30.8500656779887], 
            [-99.0971316273227, 31.2570988360425], 
            [-99.0162466024986, 31.6436993972095], 
            [-99.0386667011073, 32.0320266567049], 
            [-99.1071230952546, 32.5571048265266], 
            [-99.170057652039, 33.148463031144], 
            [-99.2296557240324, 33.4230170585905], 
            [-99.3088230437484, 33.6157507662849], 
            [-99.3196508811832, 33.6499339972562], 
            [-99.0151854024843, 33.6605549906204], 
            [-98.7423940462482, 33.7020497098263], 
            [-98.5532126606357, 33.7356663679086], 
            [-98.35206129859, 33.789544751689], 
            [-98.1744721741514, 33.8532617186535], 
            [-98.0434679316996, 33.9244520518208], 
            [-97.8941714788306, 34.0287464295042], 
            [-97.7875568502683, 34.1756506857307], 
            [-97.8011276199437, 34.4033680210174], 
            [-97.9220414690385, 34.7176540964595], 
            [-97.9467728253056, 34.7977477178829], 
            [-97.8682260378013, 34.7637623377617], 
            [-97.0588541827743, 34.7397414459111], 
            [-96.6009373833535, 34.6367330987536], 
            [-96.5032350362679, 34.7306133271434], 
            [-96.3855317668775, 35.0290263684722], 
            [-96.2950329893809, 35.1670543161039], 
            [-96.1088553394023, 35.2932561788297], 
            [-95.892037787314, 35.3488252880567], 
            [-95.6431414178421, 35.3538974643965], 
            [-95.504636829526, 35.3268638436915], 
            [-95.2411894293487, 35.2593427444722], 
            [-95.171204187723, 35.3123397926474], 
            [-95.037151243535, 35.5886474980837], 
            [-94.9014255603413, 35.7956624398698], 
            [-94.759287710959, 35.9035181328557], 
            [-94.5806373865061, 35.9759855033284], 
            [-94.4022928315489, 36.0020478562237], 
            [-93.9509680627258, 36.0265903548611], 
            [-93.8851017160713, 36.0898756472434], 
            [-93.8574295767135, 36.2249897914458], 
            [-93.9036637231023, 36.4618352455003], 
            [-94.039155582564, 36.942217109632], 
            [-94.1712839775735, 37.143746186937], 
            [-94.6727549436856, 37.6211243154349], 
            [-94.7593056974, 37.6228869866452], 
            [-94.8575746173746, 37.5910060201118], 
            [-95.0099557448617, 37.4649390556929], 
            [-95.2766856705072, 37.2349014695273], 
            [-95.4330687810993, 37.1288893867359], 
            [-95.5688574168362, 37.0824124233947], 
            [-95.6992321338558, 37.0797504301383], 
            [-95.9721314087375, 37.1683156652359], 
            [-96.1510155569223, 37.3401761082409], 
            [-96.2009818898023, 37.4371679909102], 
            [-96.2438795514001, 37.6045767897871], 
            [-96.2915705995035, 38.0921082641851], 
            [-96.3464202510937, 38.2051800250382], 
            [-96.4675409442591, 38.418804983863], 
            [-96.7329578597174, 38.7617974190158], 
            [-96.9011850416563, 38.8975950479731], 
            [-97.0746642643443, 38.7799996972283], 
            [-97.2706894907273, 38.7129012793706], 
            [-97.5573124200321, 38.6198933933655], 
            [-97.8208947185164, 38.5080087376132], 
            [-98.0816261661146, 38.3370656030952], 
            [-98.5058993277917, 38.0053956325025], 
            [-98.6086198918944, 38.0033002121352], 
            [-98.6536939128437, 38.0466025686537], 
            [-98.6988848456591, 38.1343224410279], 
            [-98.8071812064475, 38.7528851375391], 
            [-98.9172042655644, 39.0489869212095], 
            [-99.0557718064236, 39.2603276020373], 
            [-99.3031123487559, 39.4779185710853], 
            [-99.5239228907288, 39.5734535520399], 
            [-99.7703820974558, 39.6239324984861], 
            [-99.939454642118, 39.627385895143], 
            [-100.230915924031, 39.6025735998918], 
            [-100.399943502591, 39.5915389183864], 
            [-100.348673152744, 39.6449046886006], 
            [-100.264163860074, 39.7003029266388], 
            [-100.121000783559, 39.7697575682573], 
            [-99.8854953193534, 39.8361904878009], 
            [-99.4508170016033, 39.8273141792061], 
            [-99.2004727236372, 39.7548647951742], 
            [-98.9330952861185, 39.6171336238178], 
            [-98.5434100503335, 39.3324981962348], 
            [-98.3802190718527, 39.2399759441346], 
            [-98.1555144654202, 39.1979146520396], 
            [-97.9294428894777, 39.2442117509716], 
            [-97.6908347642129, 39.3409967895703], 
            [-97.5499739521361, 39.4478812147464], 
            [-97.4816704427367, 39.5886700810595], 
            [-97.4864458428013, 39.822862535078], 
            [-97.7773315586045, 40.4387182722306], 
            [-97.9841846224223, 41.0320100192471], 
            [-98.0768057999476, 41.2603658731866], 
            [-98.2537204328517, 41.4795306558152], 
            [-98.5978550070029, 41.8101664060549], 
            [-98.7527002768962, 41.9973512967251], 
            [-98.8662756580951, 42.1705877024606], 
            [-98.9782142731701, 42.4342779195904], 
            [-99.0200687211945, 42.6913761061225], 
            [-99.0144929245088, 42.9646620894839], 
            [-98.962889825505, 43.1660382820411], 
            [-98.8743425768484, 43.4000059055482], 
            [-98.5654704201237, 43.8787240238947], 
            [-98.4490531812593, 44.089588064038], 
            [-98.3762710480703, 44.3138789823292], 
            [-98.3183547083031, 44.8469341386996], 
            [-98.2935963723746, 45.0648938297865], 
            [-98.1999679541577, 45.4302164313433], 
            [-98.0788202813309, 45.7841536157968], 
            [-98.0129359482354, 46.0177705037059], 
            [-98.0278467077593, 46.7484786593627], 
            [-98.024132507709, 46.9301776855518], 
            [-97.9785099003116, 47.1976720349366], 
            [-97.9033355704801, 47.4172864785882], 
            [-97.7456844158031, 47.7233257708677], 
            [-97.4842784766703, 48.1089730506658], 
            [-97.4150306791225, 48.251695459378], 
            [-97.4181603198428, 48.4052007394227], 
            [-97.482048157996, 48.5292172495765], 
            [-97.9059436044138, 48.8798809017823], 
            [-98.1875573099219, 49.1729879430392], 
            [-98.2806011688089, 49.3149009619099], 
            [-98.3458110103698, 49.4493136349164], 
            [-98.4169923503167, 49.6686672751747], 
            [-98.4073785976441, 50.1398940408774], 
            [-98.3145235963868, 50.368798481265], 
            [-98.1708568995263, 50.5807507010841], 
            [-98.0179991313548, 50.7276099912082], 
            [-97.8179629286462, 50.8587581251874], 
            [-97.5902725730208, 50.9485644247085], 
            [-97.374228437892, 51.0012377169472], 
            [-96.826208562675, 50.990050150694], 
            [-96.6117472343473, 50.9350835872378], 
            [-96.3492261358774, 50.8286038569825], 
            [-96.0649414438925, 50.6358971289494], 
            [-95.8240130677488, 50.3851481560627], 
            [-95.5185763212402, 49.9422860076932], 
            [-95.3879048279454, 49.816740650061], 
            [-95.169954130079, 49.8211922941891], 
            [-94.6948692727987, 50.2709072765497], 
            [-94.5313275587198, 50.4102212547072], 
            [-94.3055167861707, 50.5442652056748], 
            [-94.0813607661864, 50.6326775560245], 
            [-93.8340472035156, 50.6809621566783], 
            [-93.5379184401838, 50.6749187125287], 
            [-93.2611790601654, 50.6039891827547], 
            [-93.0004206329059, 50.4696574487323], 
            [-92.7877849283317, 50.3083100804459], 
            [-92.2237121545922, 49.7212236555474], 
            [-91.9754273241116, 49.5371684055975], 
            [-91.6496569061413, 49.3791215492202], 
            [-91.3027164472062, 49.2759423308739], 
            [-90.9426189067371, 49.2056423265322], 
            [-90.5725029186747, 49.2131966317192], 
            [-90.4254457777004, 49.2635316866381], 
            [-89.9856323310672, 49.4900978897059], 
            [-89.7980247590353, 49.564094107657], 
            [-89.5348021893695, 49.5952736029944], 
            [-89.2603470873481, 49.5484548972757], 
            [-89.048628691261, 49.475987526803], 
            [-88.836793383308, 49.3668637897322], 
            [-88.643699946795, 49.2203462419856], 
            [-88.4967597176868, 49.0674075348299], 
            [-88.3555841428938, 48.8520738641176], 
            [-88.2560022127319, 48.5995981929024], 
            [-88.2068902357957, 48.3480308369536], 
            [-88.2140578325029, 47.9967106796542], 
            [-88.3256547052004, 47.4801490896089], 
            [-88.3477060817702, 47.273179113925], 
            [-88.2999161082417, 47.0867136808918], 
            [-88.1429304518788, 46.8922352884279], 
            [-87.9168948488182, 46.7580564391534], 
            [-87.7261666292865, 46.7115614893713], 
            [-87.5289992639048, 46.7155814589173], 
            [-87.2566845483532, 46.808796188993], 
            [-86.7784700503525, 47.1145387049973], 
            [-86.5089971924664, 47.2633135510796], 
            [-86.0989153326764, 47.3963862342374], 
            [-85.4115005403176, 47.4870019236], 
            [-85.1537998080147, 47.5530481346638], 
            [-84.6638581505332, 47.7425352897719], 
            [-84.3558043768704, 47.8424949351932], 
            [-84.0922490580475, 47.8939451494492], 
            [-83.6151407261635, 47.8842144849106], 
            [-83.4333607609902, 47.8376206097034], 
            [-83.1903549509202, 47.7390549134536], 
            [-82.9399387271905, 47.5187659782674], 
            [-82.6862219915516, 47.176501993972], 
            [-82.5843018240699, 47.0502461719234], 
            [-82.4494754629222, 47.0075193815143], 
            [-82.2631629146367, 47.1488928071574], 
            [-81.8759508144785, 47.6080416777813], 
            [-81.7385074261768, 47.7934638972412], 
            [-81.7088657715381, 47.8865707086713], 
            [-81.768688674043, 47.944046380636], 
            [-82.2640712299033, 48.0527924024475], 
            [-82.5703983052375, 48.1576443597995], 
            [-82.7813792572468, 48.3006635447869], 
            [-82.9059263674078, 48.4302918245082], 
            [-83.0123611315609, 48.5926194538248], 
            [-83.10642122436, 48.8142034127574], 
            [-83.1581142555684, 49.0262725444425], 
            [-83.1486443944232, 49.4902507744538], 
            [-83.0564638847005, 49.7595617543715], 
            [-82.8815637331797, 50.0175862426111], 
            [-82.6653127539803, 50.1890419906954], 
            [-82.4464717272883, 50.2952069582346], 
            [-82.243278904198, 50.3447416165325], 
            [-81.8799797772449, 50.3373312028728], 
            [-81.6120897261599, 50.2456363270549], 
            [-81.3960365978107, 50.0991817318515], 
            [-81.2291943718228, 49.9255316379748], 
            [-81.0980462378435, 49.7255044284867], 
            [-81.0003438907579, 49.4777861708952], 
            [-80.9586872935837, 49.2643950358024], 
            [-80.9665473682664, 48.8791704373659], 
            [-81.0577566101793, 48.5777536604032], 
            [-81.3054478881095, 48.1476888647494], 
            [-81.3029387796009, 48.025165229192], 
            [-80.9595416495275, 47.9977898661095], 
            [-80.6925059543862, 48.0662282738158], 
            [-80.5534617728425, 48.1604772242446], 
            [-80.4732782192144, 48.2439343101204], 
            [-80.2684756096616, 48.537931680203], 
            [-80.1287839162447, 48.7321582624939], 
            [-79.8555878650878, 48.994643388082], 
            [-79.6009718074029, 49.1615755462745], 
            [-79.2948605693597, 49.2823185241807], 
            [-78.9871665245154, 49.342384243638], 
            [-78.2199728734493, 49.3702092677436], 
            [-78.0423387829084, 49.3961637019933], 
            [-77.7027817579717, 49.4831910963921], 
            [-77.5901506649212, 49.5106473984587], 
            [-77.2918905083402, 49.5688785009422], 
            [-76.635969974035, 49.6026660302132], 
            [-76.4687500327877, 49.6455277189291], 
            [-76.2915925829313, 49.7885289174756], 
            [-76.0112019554059, 50.2460230355347], 
            [-75.8996320623697, 50.3930531968476], 
            [-75.6944067714553, 50.5902295554497], 
            [-75.5524847593641, 50.6832734143367], 
            [-75.3767932044428, 50.7685111578637], 
            [-75.1711542253871, 50.8186393687119], 
            [-74.7474206569377, 50.8099968838492], 
            [-74.4766437820848, 50.7173127537806], 
            [-74.2104444564465, 50.5558844465101], 
            [-73.6698979474323, 50.0413013649661], 
            [-73.4534221377214, 49.9362785364254], 
            [-72.6898977206033, 49.9085884106267], 
            [-72.3967367200236, 49.8585861048649], 
            [-71.9526964597737, 49.7300819777012], 
            [-71.667440499979, 49.6496196342388], 
            [-71.1722647881894, 49.569013399249], 
            [-70.8514766143542, 49.5033089305628], 
            [-70.5161374098136, 49.3672864710938], 
            [-70.2826913930933, 49.2257241878211], 
            [-69.9131149982585, 48.9452885941934], 
            [-69.7387994060677, 48.8418125995719], 
            [-69.5137710436986, 48.7869539547613], 
            [-68.9108655440096, 48.8640168608895], 
            [-68.7678643454631, 48.8510126641032], 
            [-68.9028975506814, 48.7855060462671], 
            [-69.0334970982125, 48.7182277640002], 
            [-69.0599911256899, 48.582493087586], 
            [-69.1293108690014, 48.5370503445978], 
            [-69.2042423818804, 48.5385791920762], 
            [-69.2850554609407, 48.4024488139617], 
            [-69.308015152777, 48.3803884441714], 
            [-69.3741782757068, 48.3115273551035], 
            [-69.445854242779, 48.242657272815], 
            [-69.5330704948074, 48.2003441705471], 
            [-69.6052051161232, 48.151448030902], 
            [-69.6561786896947, 48.0983880301835], 
            [-69.7125841684246, 48.044194883687], 
            [-69.7691605183432, 47.896283386769], 
            [-69.7319105991947, 47.9040535292471], 
            [-69.6968460326182, 47.9706213470976], 
            [-69.6346489199117, 47.942679411126], 
            [-69.6504320218203, 47.9075428987858], 
            [-69.6311775368138, 47.8646812100699], 
            [-69.7008570089437, 47.8279798773695], 
            [-69.7241494499371, 47.783760212364], 
            [-69.6449461573392, 47.7945790565783], 
            [-69.4891206264157, 48.0358941412018], 
            [-69.311450562993, 48.1506206546196], 
            [-69.1723164492446, 48.1771866278607], 
            [-69.0831576615968, 48.2455620830238], 
            [-69.000249162169, 48.2990987244267], 
            [-68.8774917028797, 48.3570330506349], 
            [-68.9256144255652, 48.3797409322983], 
            [-68.9472611072143, 48.4215594074408], 
            [-68.8097727528102, 48.4472530382972], 
            [-68.7680352166519, 48.4022149902297], 
            [-68.6936882631028, 48.4051557733204], 
            [-68.6222101468807, 48.4822996184327], 
            [-68.5196424675258, 48.5147741375165], 
            [-68.4965119045007, 48.5397393175156], 
            [-68.3620992314943, 48.5822952367359], 
            [-68.3179515122524, 48.6056596234929], 
            [-68.2400522366214, 48.642414915516], 
            [-68.1145338586506, 48.672317373548], 
            [-68.0703771461883, 48.6956817603051], 
            [-67.9795006534324, 48.7173284419541], 
            [-67.9127529711726, 48.7407198083725], 
            [-67.8805482487027, 48.7394517642876], 
            [-67.4290705951318, 48.5540025651663], 
            [-67.2243759042245, 48.4891884253057], 
            [-67.0967800923273, 48.4942516084251], 
            [-66.9520971615547, 48.5938065589256], 
            [-66.9225724187821, 48.803618392275], 
            [-67.0462022204561, 49.0055251848395], 
            [-66.9746881313521, 49.0392767412287], 
            [-66.7191097990779, 49.1201977389346], 
            [-66.4715893923365, 49.1674481192354], 
            [-66.4049316422814, 49.1908125059924], 
            [-66.1938607580674, 49.2311111268771], 
            [-65.8639264790237, 49.257479249268], 
            [-65.5074262267389, 49.288415927653], 
            [-65.4786119483826, 49.0476314430368], 
            [-65.3672938655194, 48.8858524001682], 
            [-64.9369502800313, 48.5322209852104], 
            [-64.6777926460138, 48.2970932362639], 
            [-64.7364824027406, 48.1861888415419], 
            [-64.8970203811856, 48.1555309529912], 
            [-64.9695237245402, 48.1056455590954], 
            [-65.1819705714846, 48.0053801441784], 
            [-65.3829330759007, 47.9733732725586], 
            [-65.4416677987298, 47.9757025166579], 
            [-65.5263389693679, 48.0204977477729], 
            [-65.5858381159362, 48.0485835752719], 
            [-65.8422797973747, 48.1096655286413], 
            [-65.886436509837, 48.1330299153984], 
            [-65.9458547174212, 48.1546765970474], 
            [-66.0439707526481, 48.087155497828], 
            [-66.0950072787629, 48.0630716534341], 
            [-66.2248783754366, 48.0682247687582], 
            [-66.2690350878989, 48.0187530630035], 
            [-66.1794446256689, 48.0222963918651], 
            [-66.1089197908156, 48.0195084935223], 
            [-66.0565162951908, 47.9629501300445], 
            [-65.8189154106176, 47.9304756109607], 
            [-65.7044407073727, 47.8603824506896], 
            [-65.6562640253644, 47.7082261537141], 
            [-65.5422569695834, 47.6829102381171], 
            [-65.392582801455, 47.7621045374945], 
            [-65.2315052297824, 47.8381332232697], 
            [-65.0160366607632, 47.8639167863307], 
            [-64.8293014311161, 47.839563145323], 
            [-64.7716908608445, 47.84184742332], 
            [-64.6234016486671, 47.9326519703122], 
            [-64.5819339091225, 48.0204977477729], 
            [-64.5455473391384, 48.0542133312803], 
            [-64.4425389919808, 48.0181145443509], 
            [-64.4485824361304, 47.8656344914387], 
            [-64.5429932645275, 47.7425083101105], 
            [-64.7228486805221, 47.6576302954019], 
            [-64.8104336545894, 47.5631025551389], 
            [-64.8929644387578, 47.3024070804225], 
            [-64.9195304119988, 47.2778016292419], 
            [-64.9411770936479, 47.2544372424848], 
            [-64.9737055720544, 47.2242919675004], 
            [-65.0086981928673, 47.1285051763729], 
            [-64.7603324234025, 47.094564762354], 
            [-64.7649729251603, 46.9775000116163], 
            [-64.8498869127508, 46.8988183258052], 
            [-64.8736559944285, 46.8582768879681], 
            [-64.8035628341574, 46.7564196730296], 
            [-64.716112758397, 46.7151497843352], 
            [-64.6702473340472, 46.6908770823116], 
            [-64.6719830255961, 46.6471970105337], 
            [-64.67108370355, 46.6246959729408], 
            [-64.6730442256105, 46.57529621295], 
            [-64.5810795531788, 46.4900854490843], 
            [-64.5586864342315, 46.4193717566014], 
            [-64.5135584539594, 46.3775532814589], 
            [-64.4893756841404, 46.3514549556817], 
            [-64.4919297587513, 46.2870994700646], 
            [-64.4909494977211, 46.2623861002384], 
            [-64.4239679917294, 46.2650391002743], 
            [-64.2421790333357, 46.2578355306853], 
            [-64.1318142318412, 46.2191556894836], 
            [-63.9509066090527, 46.1975090078345], 
            [-63.7683712133608, 46.1737039532749], 
            [-63.7267056229661, 46.0827195418734], 
            [-63.9317780291327, 46.0177884901468], 
            [-63.8404608685741, 45.9746929776988], 
            [-63.8167277597783, 45.9490802858266], 
            [-63.7627234709114, 45.899042007183], 
            [-63.613750773979, 45.9049415598053], 
            [-63.5687307123524, 45.903160902154], 
            [-63.4843113518873, 45.9065063801654], 
            [-63.3847474081663, 45.8804170476087], 
            [-63.3424792720007, 45.8347944402113], 
            [-63.2339131145985, 45.839102192812], 
            [-63.1865008563294, 45.8140111077265], 
            [-63.0365209187054, 45.8199556264511], 
            [-62.736183328198, 45.7915100701337], 
            [-62.6942929072917, 45.793173815919], 
            [-62.6347308081802, 45.7807182055808], 
            [-62.6022203162146, 45.7232065607343], 
            [-62.5193747693301, 45.6882948789056], 
            [-62.3084477766435, 45.7145370962101], 
            [-62.1746016765261, 45.7932097888008], 
            [-62.0935367872929, 45.8273750333312], 
            [-61.9739989009285, 45.9146902107847], 
            [-61.8740572419481, 45.9022615801079], 
            [-61.8822410725674, 45.8364941588784], 
            [-61.8460343669924, 45.7097167300431], 
            [-61.6659451272657, 45.6582215496849], 
            [-61.5894487940266, 45.7031876519886], 
            [-61.5069000234173, 45.7267858624776], 
            [-61.5446445696911, 45.8589951964712], 
            [-61.5417847255845, 45.8819908611894], 
            [-61.5466050917515, 45.9207336549343], 
            [-61.6158169164175, 45.9498896756681], 
            [-61.6544697779578, 45.9931920321866], 
            [-61.5247425728114, 46.0970817149492], 
            [-61.4678694466176, 46.1907101331662], 
            [-61.3311994752755, 46.267979883365], 
            [-61.2922858103418, 46.3165702535145], 
            [-61.2986979765303, 46.3681103999751], 
            [-61.193018642896, 46.4126448276967], 
            [-61.0873123296003, 46.5446563108401], 
            [-61.0944619398666, 46.6021859421276], 
            [-61.0879418550325, 46.6546703767366], 
            [-61.0017957962389, 46.6909670145162], 
            [-60.9139500187783, 46.8159457992593], 
            [-60.7498237453695, 46.9087378479734], 
            [-60.6892004462435, 47.0085446086468], 
            [-60.6190353402087, 47.0647342500857], 
            [-60.4854050773823, 47.0481057854537], 
            [-60.4066334593666, 47.0579083957559], 
            [-60.3463968687204, 47.0504170431121], 
            [-60.3534655400026, 46.9936068694615], 
            [-60.436212161462, 46.9273448211067], 
            [-60.2633264913245, 46.8779180814544], 
            [-60.3117100174033, 46.6213504949295], 
            [-60.4126409306344, 46.4831786557704], 
            [-60.4291344969594, 46.3883811188936], 
            [-60.3532766823729, 46.4195516210106], 
            [-60.3391123601472, 46.3658710880803], 
            [-60.2826259424332, 46.3548453997955], 
            [-60.1819918054774, 46.2866318226006], 
            [-60.0858183058701, 46.2885923446611], 
            [-59.9481590802773, 46.2439230186325], 
            [-59.9004680321739, 46.2193535403337], 
            [-59.7662711964585, 46.193165282352], 
            [-59.7649761727121, 46.1293493899624], 
            [-59.8322184820972, 46.0301451750599], 
            [-59.6530015847553, 46.0668555009807], 
            [-59.6515626694816, 45.9961418084977], 
            [-59.6749540359, 45.97178816749], 
            [-59.7429247961423, 45.9497367909203], 
            [-59.7649851659326, 45.9267770990839], 
            [-59.8800983878303, 45.9043030411525], 
            [-59.9675394703702, 45.859264993085], 
            [-60.0355102306126, 45.8372046232948], 
            [-60.0346109085665, 45.7928050938801], 
            [-60.103247167123, 45.7462741712161], 
            [-60.1701027680282, 45.7476411407262], 
            [-60.2332531621037, 45.6819096923785], 
            [-60.3726480792454, 45.6342006578342], 
            [-60.5963184653248, 45.5796747621806], 
            [-60.6923570666253, 45.5301940632056], 
            [-60.8647031435352, 45.5891895894281], 
            [-60.8685702283333, 45.5157059850433], 
            [-60.8673201706893, 45.4546240316738], 
            [-61.0422562950919, 45.4510537231509], 
            [-61.1356508895768, 45.4991674526159], 
            [-61.1833149580189, 45.4771070828257], 
            [-61.2503863962152, 45.4316463533966], 
            [-61.3429266347563, 45.386743203636], 
            [-60.8907385167691, 45.3621557388963], 
            [-60.9234918256872, 45.2647951341881], 
            [-60.9710659619245, 45.2152874555517], 
            [-61.1011708823303, 45.1819405940832], 
            [-61.2716103965025, 45.1854209704015], 
            [-61.31996694292, 45.1605097497252], 
            [-61.4984014300819, 45.1170095423566], 
            [-61.5217658168389, 45.0926918742307], 
            [-61.6109246044869, 45.0945174979842], 
            [-61.6329849742771, 45.0715488129275], 
            [-61.7684768337388, 45.0494884431373], 
            [-61.8130382411219, 45.0265377445214], 
            [-61.858498970551, 45.0044773747311], 
            [-61.9255614155268, 44.959016645302], 
            [-61.9710311381764, 44.9369652687323], 
            [-62.0290823762506, 44.876530827236], 
            [-62.242914179146, 44.8466823285267], 
            [-62.3332690651152, 44.8001424126423], 
            [-62.438840480104, 44.8022917923324], 
            [-62.5786940514892, 44.7569120018875], 
            [-62.6457564964651, 44.7339523100512], 
            [-62.7137272567075, 44.7119009334814], 
            [-62.8129314716101, 44.6446586240963], 
            [-62.8597951434311, 44.643696349507], 
            [-62.9273072494299, 44.6450723122375], 
            [-63.0060788674457, 44.6434715189955], 
            [-63.1823999477993, 44.6470688071798], 
            [-63.2547504064061, 44.5980197827868], 
            [-63.3659425841828, 44.6002860743429], 
            [-63.4560006938768, 44.5538990432063], 
            [-63.501461423306, 44.5548253449138], 
            [-63.4996717724343, 44.4670964793191], 
            [-63.5671928716536, 44.3968144614183], 
            [-63.7940198781148, 44.4188748312086], 
            [-63.8803637877585, 44.463346306387], 
            [-64.0406229763692, 44.4666198386347], 
            [-64.041594244179, 44.418883824429], 
            [-63.9977702808737, 44.3767685730113], 
            [-64.0976310008699, 44.3628290812971], 
            [-64.1309598758975, 44.3061358195125], 
            [-64.2034452328112, 44.2593261070143], 
            [-64.2434920435229, 44.2161136827004], 
            [-64.2893574678728, 44.1944670010514], 
            [-64.3124880308978, 44.1695018210523], 
            [-64.4469007039043, 44.126945901832], 
            [-64.631792323357, 43.9764803303031], 
            [-64.7097545515313, 43.9396800721777], 
            [-64.7582459962557, 43.836941521634], 
            [-64.8286449260224, 43.7884950430119], 
            [-64.8745193435928, 43.7668483613629], 
            [-65.0312441965623, 43.6534258649118], 
            [-65.0754458751269, 43.6551795429017], 
            [-65.1228491401756, 43.6300974510366], 
            [-65.2104790803452, 43.6335688341344], 
            [-65.2337535348976, 43.6084507693876], 
            [-65.2769659592116, 43.5684129518963], 
            [-65.3237846649303, 43.4959186017621], 
            [-65.3471400584668, 43.4742719201131], 
            [-65.3870070047694, 43.4312483534288], 
            [-65.4805544840022, 43.4275341533785], 
            [-65.5268156100523, 43.4520226926932], 
            [-65.6071790280896, 43.39672338008], 
            [-65.7956139764038, 43.4563754113962], 
            [-65.8723531265954, 43.6534618377936], 
            [-65.9569973175721, 43.6312395900351], 
            [-66.0140503081751, 43.5696540163199], 
            [-66.0889908142746, 43.6093051253313], 
            [-66.2015139886796, 43.6361139155249], 
            [-66.1798673070305, 43.6993272621435], 
            [-66.1457470286024, 43.7309474252835], 
            [-66.1790129510867, 43.7668483613629], 
            [-66.2032676666694, 43.7893224192943], 
            [-66.2014960022386, 43.8339377860001], 
            [-66.2032856531104, 43.8789488544062], 
            [-66.2010553344361, 43.9352194348291], 
            [-66.2023953242847, 43.9689709912183], 
            [-66.2013970768136, 43.9941610017289], 
            [-66.2548797588937, 44.0952358064874], 
            [-66.1573662694377, 44.2795338733896], 
            [-66.1804338799196, 44.3567586574861], 
            [-66.3097563901453, 44.2171748827148], 
            [-66.4264074527417, 44.2125523673979], 
            [-66.4283320019203, 44.2613226019566], 
            [-66.3313940785738, 44.3324230029193], 
            [-66.2509047554501, 44.4192975125702], 
            [-66.0354361864308, 44.5946473251141], 
            [-65.9314475782431, 44.6437323223889], 
            [-65.6847365613432, 44.7796198835509], 
            [-65.2562635657109, 44.9813198320447], 
            [-65.1900284970175, 45.0163664121803], 
            [-65.1212213672722, 45.0488409312641], 
            [-65.0594919020296, 45.0815043079775], 
            [-64.8745193435928, 45.1622274548333], 
            [-64.4664609584065, 45.2744718394039], 
            [-64.5387214848086, 45.3414263657343], 
            [-64.4694107347176, 45.3741437017705], 
            [-64.6286986555185, 45.3646738406253], 
            [-64.7109686362934, 45.2758837750163], 
            [-64.7832201694752, 45.2730239309097], 
            [-64.851199922938, 45.3197976705262], 
            [-64.986188162054, 45.314446704352], 
            [-64.9569871752179, 45.4430677433817], 
            [-64.8745193435928, 45.4998149644891], 
            [-64.7857112915428, 45.5417233718362], 
            [-64.7728060201816, 45.5556538703299], 
            [-64.8517754890475, 45.6044690709909], 
            [-65.00016362665, 45.5238358563398], 
            [-65.2909144441462, 45.4340475432596], 
            [-65.4013332049634, 45.3833707459632], 
            [-65.5261321252973, 45.2961994600371], 
            [-65.6293113436435, 45.2643364799447], 
            [-65.7286864297349, 45.2286783608177], 
            [-65.7974665798187, 45.20744536731], 
            [-65.9229220052463, 45.1624342989039], 
            [-66.0000208842563, 45.1836672924117], 
            [-66.0444473933325, 45.2078050961284], 
            [-66.1889864325777, 45.1184574508508], 
            [-66.3151073563194, 45.0949131996845], 
            [-66.476517677149, 45.0277788089449], 
            [-66.5289481524352, 45.0864595724514], 
            [-66.8536843500527, 44.9861761710935], 
            [-66.8559686280497, 44.9479909570171], 
            [-66.8528749602112, 44.896109068179], 
            [-66.9170775610805, 44.7951511752866], 
            [-66.9890233247665, 44.7560576459437], 
            [-67.0353024372576, 44.7348156592154], 
            [-67.2008406462787, 44.5939998132409], 
            [-67.4588291616365, 44.514328873179], 
            [-67.5198571556831, 44.446034357], 
            [-67.6120196789649, 44.4129662853659], 
            [-67.7966325085833, 44.4457735536067], 
            [-67.8230186174152, 44.3972191563391], 
            [-67.8454926753466, 44.3482600641507], 
            [-67.9770814771284, 44.3561021523925], 
            [-68.023234684533, 44.3044540872864], 
            [-68.1589513745063, 44.3125389924806], 
            [-68.1613165914874, 44.2728069444849], 
            [-68.1591312389155, 44.2362045372097], 
            [-68.2056891412408, 44.1946018993582], 
            [-68.2031800327323, 44.1523877225155], 
            [-68.2268591822054, 44.1258847018176], 
            [-68.2837592880607, 44.1152637084535], 
            [-68.3201548512653, 44.0714487383686], 
            [-68.4404481681484, 44.0837154910772], 
            [-68.521324199752, 44.0599823822812], 
            [-68.518221538693, 44.0295763039034], 
            [-68.6222101468807, 43.9700142047918], 
            [-68.6786605917129, 43.9904378084582], 
            [-68.7376651111559, 44.1479810444897], 
            [-68.748187179095, 44.1227280814359], 
            [-68.7428362129208, 44.0702526400474], 
            [-68.7462806163573, 44.0364920904377], 
            [-68.7396616060982, 43.971579025152], 
            [-68.940327334239, 44.0160774799918], 
            [-69.0072908537898, 44.1704910753029], 
            [-69.0397024203304, 44.126262417077], 
            [-68.9937380705554, 44.0880861962211], 
            [-69.0228041590846, 43.9491319468819], 
            [-69.0827259870146, 43.9430255501891], 
            [-69.152882099829, 43.9501751604554], 
            [-69.1942149410666, 43.900415671646], 
            [-69.2413124366196, 43.8799920679796], 
            [-69.277995782879, 43.8358263622969], 
            [-69.3614978348571, 43.827318775741], 
            [-69.4433721139318, 43.8580845829372], 
            [-69.4642903447236, 43.8328945724266], 
            [-69.5338888778693, 43.7899699311675], 
            [-69.5582155392157, 43.7338792151538], 
            [-69.7119456497718, 43.7495543984168], 
            [-69.7404091925301, 43.6839128822738], 
            [-69.8366816175625, 43.6741012787511], 
            [-70.0373113728215, 43.6945518620789], 
            [-70.0894180921712, 43.6318241493651], 
            [-70.1664899915198, 43.6092061999063], 
            [-70.1599249405835, 43.544769775305], 
            [-70.2069864632546, 43.5178081003636], 
            [-70.299589654339, 43.4776533710063], 
            [-70.2964600136187, 43.4469415231329], 
            [-70.3441060956197, 43.4073623598851], 
            [-70.4096756659991, 43.328428863901], 
            [-70.5426224440705, 43.2894162735423], 
            [-70.5467683187029, 43.2487759102801], 
            [-70.5407698406556, 43.1899782349077], 
            [-70.6426720216964, 43.0571843415842], 
            [-70.6884834867235, 43.0191250325943], 
            [-70.7871840812803, 42.8819784205677], 
            [-70.7343668975142, 42.7020150859275], 
            [-70.601285221136, 42.7155768623824], 
            [-70.5475057627806, 42.6709075363538], 
            [-70.5428382813615, 42.6251140577676], 
            [-70.6346051029431, 42.572557677395], 
            [-70.7699260912161, 42.5138679206681], 
            [-70.8146493765674, 42.4600255097695], 
            [-70.8617468721204, 42.4396019061032], 
            [-70.8719541773434, 42.40479814292], 
            [-70.83617015313, 42.3761367493116], 
            [-70.8451993464726, 42.3035254873115], 
            [-70.7469304264979, 42.2822655141422], 
            [-70.7169020633795, 42.2447727780413], 
            [-70.6794093272786, 42.2147444149229], 
            [-70.6593994117534, 42.1672422244492], 
            [-70.6118972212797, 42.1022122472975], 
            [-70.591878312534, 42.0547100568237], 
            [-70.5666253494802, 42.0117584359032], 
            [-70.5701596851213, 41.9833398592472], 
            [-70.5002733689208, 41.9273750483199], 
            [-70.4770348872502, 41.7938796838005], 
            [-70.288815776227, 41.7531583815542], 
            [-70.0292264676273, 41.8161109247794], 
            [-70.0958392515801, 41.8694587085527], 
            [-70.1211191942953, 42.0147531783166], 
            [-70.2254405516401, 42.0017849544122], 
            [-70.2517996808106, 42.0347001412986], 
            [-70.2942566746058, 42.0686945146402], 
            [-70.2093606734563, 42.1222311560431], 
            [-70.0460347966685, 42.0755923147336], 
            [-69.9309035883299, 41.9318176992275], 
            [-69.8817736249528, 41.7047658622548], 
            [-69.9392043308151, 41.6070815016101], 
            [-69.9592142463403, 41.5370692803231], 
            [-69.9899260942138, 41.5124818155834], 
            [-70.0374552643489, 41.5183903614261], 
            [-70.0224815522818, 41.6388275698366], 
            [-70.1765444119949, 41.6196630170347], 
            [-70.2749122573947, 41.5818555182176], 
            [-70.3601410077013, 41.5924495319205], 
            [-70.4543539852481, 41.5370692803231], 
            [-70.5962670041189, 41.5164208461452], 
            [-70.5376042270534, 41.4916984830986], 
            [-70.5018561757219, 41.4470471435109], 
            [-70.4318439544349, 41.4270282347653], 
            [-70.4118250456892, 41.3359898640411], 
            [-70.7139343006274, 41.3138035891644], 
            [-70.7694404573112, 41.2444928390734], 
            [-70.8048467662652, 41.2161372149606], 
            [-70.8819636317162, 41.2534590798727], 
            [-70.8359633090594, 41.2903043041005], 
            [-70.8719451841229, 41.3515121625563], 
            [-70.8369525633101, 41.3795260442916], 
            [-70.8269431089373, 41.392026620732], 
            [-70.976761168593, 41.4024137903642], 
            [-70.9694047142561, 41.4746293506641], 
            [-71.0407569253917, 41.4673628285318], 
            [-71.0863615463482, 41.4720033302896], 
            [-71.1718960661505, 41.4398705535833], 
            [-71.2665407182795, 41.4495112859172], 
            [-71.3169027528597, 41.4206700278996], 
            [-71.3862494758326, 41.4277386991817], 
            [-71.4657315582647, 41.3320508334793], 
            [-71.5798375394708, 41.3436880607555], 
            [-71.6923876935372, 41.3122117891429], 
            [-71.8643110890854, 41.2815808802535], 
            [-72.0326551828903, 41.2183225675325], 
            [-72.0844741191852, 41.2806995446484], 
            [-72.3964039708665, 41.2376040322004], 
            [-72.5486591932671, 41.2220817336851], 
            [-72.6135452788914, 41.2287007439443], 
            [-72.6449945708427, 41.1908392858045], 
            [-72.7958378576309, 41.2244199710049], 
            [-72.8637456653302, 41.2174951912502], 
            [-72.9320042086273, 41.2244559438868], 
            [-73.0877667870076, 41.1321675155185], 
            [-73.2804645218202, 41.0978313997994], 
            [-73.3641554314279, 41.0375948091532], 
            [-73.5219954437347, 40.9912797237803], 
            [-73.6074849974346, 40.9542006758206], 
            [-73.617701295878, 40.9419069434508], 
            [-73.5380933083594, 40.9523210927443], 
            [-73.3901818114414, 40.9791388761583], 
            [-73.2179976124997, 40.9320144009439], 
            [-73.179668506896, 40.9765038625633], 
            [-73.1460338623728, 41.0054800188878], 
            [-72.8975062149398, 40.9855150694649], 
            [-72.6264955163549, 41.0072876562004], 
            [-72.4594734259578, 41.1115370677815], 
            [-72.412789618546, 41.1323743595891], 
            [-72.3550081770857, 41.1646150549409], 
            [-72.1176950755672, 41.2292043642901], 
            [-72.0543648170826, 41.2129356284765], 
            [-72.1443869538948, 41.1565481361876], 
            [-72.1548011031883, 41.1444612478884], 
            [-72.0603183290276, 41.1264208476441], 
            [-72.0312792201598, 41.0648982264721], 
            [-71.9477501885203, 41.1090999050367], 
            [-71.8773332723126, 41.1118878033795], 
            [-71.8063857560977, 41.0784060436041], 
            [-71.8640772653534, 41.0318301548378], 
            [-72.4176459575948, 40.8278998876698], 
            [-72.7741552031001, 40.7285248015784], 
            [-73.1986082291864, 40.5962884879235], 
            [-73.2913643050186, 40.5926192539755], 
            [-73.3508004990437, 40.5949754777362], 
            [-73.4934869348741, 40.5701272096031], 
            [-73.8319377936942, 40.5484805279541], 
            [-73.9473477918671, 40.5182363275446], 
            [-74.0643226104001, 40.5592364196252], 
            [-74.146160916593, 40.4834055847], 
            [-74.0939192989364, 40.4794935337996], 
            [-73.9464574630414, 40.4853391270991], 
            [-73.939559662948, 40.3113652772858], 
            [-74.0128454164827, 40.0316941073972], 
            [-74.0710495393047, 39.7268149405571], 
            [-74.323992857984, 39.3957655021763], 
            [-74.4162363202499, 39.3322913521643], 
            [-74.5007096400378, 39.2924244058617], 
            [-74.6563463133317, 39.1482181157735], 
            [-74.7028142834524, 39.0497603381692], 
            [-74.7899675829375, 38.9556912521497], 
            [-74.8843604248937, 38.9057518989311], 
            [-74.9752279244291, 38.9021456175263], 
            [-75.0164348605803, 38.9403218383822], 
            [-74.9689236768861, 39.0410009414404], 
            [-74.9122304151015, 39.1481461700098], 
            [-75.0732270477899, 39.1763668958156], 
            [-75.1575384896095, 39.1730214178042], 
            [-75.2489635688136, 39.2431235712959], 
            [-75.2948289931634, 39.2647702529449], 
            [-75.361495736439, 39.3106446705152], 
            [-75.3956789674103, 39.32147250795], 
            [-75.3609831228728, 39.1981484757716], 
            [-75.3694457433263, 39.0928468573966], 
            [-75.2879401862905, 38.9887863034452], 
            [-75.2478214298151, 38.8988720852786], 
            [-75.1600296116772, 38.8366300064697], 
            [-75.0579205865657, 38.8448318235299], 
            [-75.0028281180232, 38.4383742315856], 
            [-75.0459955762348, 38.3416161726483], 
            [-75.1041007736317, 38.2374836729332], 
            [-75.165920171079, 38.0745624910662], 
            [-75.2727326504914, 37.9381803027788], 
            [-75.3287784004028, 37.8487067524148], 
            [-75.4631910734092, 37.8181747689505], 
            [-75.5624132747528, 37.6592016108658], 
            [-75.5662893527714, 37.6110069424166], 
            [-75.5631956849329, 37.5725339452854], 
            [-75.6103291533677, 37.4880606254976], 
            [-75.6311574519548, 37.4413768180858], 
            [-75.6778412593666, 37.3755284578721], 
            [-75.6986785511741, 37.3288446504603], 
            [-75.7678723893992, 37.2404952526539], 
            [-75.7939617219558, 37.1538185938531], 
            [-75.9796177651477, 37.0379409482163], 
            [-76.0644957798563, 37.2647769478979], 
            [-75.9635109073025, 37.6011054066893], 
            [-75.8610781262545, 37.7455725001709], 
            [-75.8284417292024, 37.8187053689577], 
            [-75.7477095891262, 37.8547322101235], 
            [-75.790373426992, 37.8914964953671], 
            [-75.8007875762855, 37.9035833836663], 
            [-75.8353844953981, 37.8931692343727], 
            [-75.9223219575922, 37.8612433017371], 
            [-75.9358297747243, 37.9936055204785], 
            [-75.9662718259839, 37.9673812896149], 
            [-75.9721174192834, 37.8945362038828], 
            [-75.9254156254307, 37.8108183146136], 
            [-75.997091592503, 37.7581360291545], 
            [-76.0390269795114, 37.8571963525297], 
            [-76.0361401557435, 37.8930613157272], 
            [-76.0787950003889, 37.9298166077504], 
            [-76.0839211360515, 37.9936055204785], 
            [-76.0777697732564, 38.0701917859222], 
            [-76.1054598990551, 38.0940507998047], 
            [-76.1262881976422, 38.1857456756225], 
            [-76.2022539308742, 38.2333288050804], 
            [-76.2388203652676, 38.2757768056551], 
            [-76.2832468743437, 38.3140519519361], 
            [-76.3249124647384, 38.4074195667597], 
            [-76.3409383835995, 38.421224160167], 
            [-76.3556153193914, 38.3318765148894], 
            [-76.3488614108254, 38.2861909549487], 
            [-76.3567664516104, 38.2326992796481], 
            [-76.2861247048912, 38.1374071156459], 
            [-76.3091743289321, 38.0063129409895], 
            [-76.3536368108901, 38.0259181615939], 
            [-76.418262093121, 38.0738340402089], 
            [-76.498481619631, 38.0836366505111], 
            [-76.4890837042495, 38.0480145042661], 
            [-76.4403584357931, 38.0292276667235], 
            [-76.3784131332594, 37.9899003136487], 
            [-76.2440454263553, 37.9380723841333], 
            [-76.1965072629997, 37.865497095015], 
            [-76.2781477183425, 37.7369030356466], 
            [-76.2554937960018, 37.6222574612129], 
            [-76.2713668301151, 37.5419480024984], 
            [-76.2378041313555, 37.4890768594096], 
            [-76.1991152969334, 37.3887664783903], 
            [-76.2705484470531, 37.2762433039854], 
            [-76.3184283527862, 37.2959204703535], 
            [-76.3292561902209, 37.2617372393822], 
            [-76.365229072064, 37.2283993711342], 
            [-76.24043015173, 37.1127735356702], 
            [-76.2391980805269, 37.081773904742], 
            [-76.2691185249999, 36.9964192493489], 
            [-76.1807151678706, 36.9496455097326], 
            [-76.0933730107558, 36.9461831198551], 
            [-75.9749772633899, 36.9508775809357], 
            [-75.8431276582148, 36.5747001622827], 
            [-75.7491485043999, 36.2375533204295], 
            [-75.525586036966, 35.8521218779224], 
            [-75.452588066486, 35.7141748692749], 
            [-75.4475968291303, 35.5883507218085], 
            [-75.5110709791423, 35.1899330689561], 
            [-75.6384779334098, 35.1949782656345], 
            [-75.8469048108083, 35.128995007114], 
            [-76.0926985192212, 34.9940517341003], 
            [-76.3902931774881, 34.7495080833315], 
            [-76.4651527446034, 34.6518866752299], 
            [-76.5232849216617, 34.5618645384178], 
            [-76.5596265255436, 34.5865329421417], 
            [-76.6188468822778, 34.6504477599563], 
            [-76.8360691292868, 34.6627055194443], 
            [-76.8250434410019, 34.6966908995655], 
            [-76.6900102357837, 34.992055239158], 
            [-76.9697533514359, 35.1567750651172], 
            [-77.2020122630554, 35.2362751339903], 
            [-77.5810495258149, 35.2440093035865], 
            [-77.7849168404398, 35.1943127673204], 
            [-78.0014556026939, 35.1089041526046], 
            [-78.2779521657598, 34.9892763340357], 
            [-78.3779657705039, 35.0113277106054], 
            [-78.6668639845852, 35.272436873463], 
            [-78.8885468689428, 35.3483126744904], 
            [-79.0870812038344, 35.3523686169182], 
            [-79.2634652367312, 35.2951267686855], 
            [-79.3880393265536, 35.1754449907938], 
            [-79.4352987000749, 35.0373630838394], 
            [-79.4037954488008, 34.8073254976737], 
            [-79.2809030912047, 34.6198887968306], 
            [-79.1696209812232, 34.5625570163933], 
            [-79.0531407898155, 34.5386980025109], 
            [-78.5907543598258, 34.5135529581026], 
            [-78.4961097076968, 34.3298484437507], 
            [-78.2764592911633, 33.8749983325071], 
            [-78.4595252868625, 33.8596918712829], 
            [-78.5344388133005, 33.8178913825813], 
            [-78.6917752052615, 33.7891940160911], 
            [-78.8544535701761, 33.6723810755263], 
            [-78.9315254695247, 33.6059751356441], 
            [-79.1141597906418, 33.3927099056377], 
            [-79.1475696046535, 33.2395283815297], 
            [-79.1143036821691, 33.1799123230953], 
            [-79.2855885590647, 33.0726321962189], 
            [-79.3643601770805, 32.981189130574], 
            [-79.4480600799087, 32.9879160594787], 
            [-79.5263820369014, 32.9643358354305], 
            [-79.5611048611004, 32.8865264920041], 
            [-79.6389142045269, 32.8518036678051], 
            [-79.7272636023333, 32.7826188228005], 
            [-79.8414685089645, 32.7167704625869], 
            [-79.862305800772, 32.6700866551751], 
            [-79.9314906457766, 32.6267483257747], 
            [-79.997509877179, 32.5799386132764], 
            [-80.0332219556287, 32.5828074506035], 
            [-80.1115439126214, 32.5592272265553], 
            [-80.1548822420218, 32.5350444567364], 
            [-80.2240760802468, 32.5142161581493], 
            [-80.3022721321531, 32.4705900456941], 
            [-80.4054873233812, 32.4395094757818], 
            [-80.4008558148439, 32.3818449461874], 
            [-80.4145345031647, 32.3445860338185], 
            [-80.4268282355346, 32.3547933390415], 
            [-80.5330741420579, 32.5270314973058], 
            [-80.667127086246, 32.693469028373], 
            [-80.8128532305921, 32.7983389721659], 
            [-81.0514163897545, 32.8360655319988], 
            [-81.2941074371085, 32.792817134803], 
            [-81.4561472833704, 32.7225441101227], 
            [-81.6270544450066, 32.6171255798817], 
            [-81.7964417523849, 32.4250843501627], 
            [-81.8622361532758, 32.2707786734971], 
            [-81.8728481534195, 32.1666012076797], 
            [-81.8358590376644, 31.9997859613531], 
            [-81.7436335618394, 31.8502646779726], 
            [-81.5492451015801, 31.7389286086685], 
            [-81.2640610875491, 31.6173312748186], 
            [-81.134729584103, 31.5793798844742], 
            [-81.1484082724238, 31.5044034054928], 
            [-81.2342665481626, 31.3833096919888], 
            [-81.257675901022, 31.2296964932986], 
            [-81.3700461906791, 31.0938538982389], 
            [-81.3927180994607, 30.8470889220162], 
            [-81.4344826152804, 30.7722203616804], 
            [-81.3684004313348, 30.7152932761638], 
            [-81.4152191370535, 30.6313775360445], 
            [-81.3876908892231, 30.4703179508128], 
            [-81.3470685124019, 30.3975178311831], 
            [-81.3597939193538, 30.3865550954414], 
            [-81.4175034150505, 30.3542424543259], 
            [-81.5027771314594, 30.2910201144868], 
            [-81.5271397656876, 30.1536576651692], 
            [-81.4705364361076, 30.0096762055925], 
            [-81.3744888415867, 29.935536096114], 
            [-81.2472617517284, 29.9139253873468], 
            [-81.1998315070184, 29.705120794689], 
            [-80.9717814225745, 29.2155748389077], 
            [-80.7210414429082, 28.8250532336199], 
            [-80.5639838407816, 28.6080198442405], 
            [-80.4938097415263, 28.4593349303628], 
            [-80.5690919900033, 28.3895835124692], 
            [-80.5598649458105, 28.156704068638], 
            [-80.4820556023841, 27.978404479783], 
            [-80.6414064757282, 27.8579043188294], 
            [-80.7289734633546, 27.748555751247], 
            [-80.7151778631678, 27.6376693429659], 
            [-80.5171201689606, 27.608297484941], 
            [-80.3245123663526, 27.66331800772], 
            [-80.2800229047332, 27.5227899448002], 
            [-80.1723200964952, 27.2770861685919], 
            [-80.1327858993497, 27.2023704930039], 
            [-80.1111302244802, 27.1339950378408], 
            [-80.0223581453121, 26.9178609705075], 
            [-80.0097406570056, 26.5995279458581], 
            [-80.071290257839, 26.127473803873], 
            [-80.1245571026281, 25.6269471259092], 
            [-80.1786513236996, 25.6485938075583], 
            [-80.2234915209169, 25.6723179231337], 
            [-80.2453090737547, 25.6260927699654], 
            [-80.2901132980901, 25.5414215993274], 
            [-80.2937105862745, 25.4505540997919], 
            [-80.2546440365929, 25.4083848890515], 
            [-80.2228080361619, 25.4685495339339], 
            [-80.1871768966964, 25.5810727083389], 
            [-80.1336402552935, 25.544731104457], 
            [-80.1736870660052, 25.403789353396], 
            [-80.3768349229932, 25.0891975084583], 
            [-80.4037156589504, 25.0642952810025], 
            [-80.4253623405994, 25.0409308942454], 
            [-80.4487267273565, 25.0192842125964], 
            [-80.4988549382048, 24.9651720050841], 
            [-80.6504266758503, 24.8608776274007], 
            [-80.6962921002002, 24.8392309457516], 
            [-80.8214687357935, 24.7729958770582], 
            [-80.9153309777424, 24.7692816770079], 
            [-80.9779237921492, 24.798815413001], 
            [-80.852980980288, 24.8383765898079], 
            [-80.8088242678256, 24.8617409765649], 
            [-80.7629498502553, 24.883387658214], 
            [-80.7521310060411, 24.8950698515924]
          ], 
          [
            [-69.7503377079188, 47.7760620156496], 
            [-69.7322703280132, 47.7561330391085], 
            [-69.7241494499371, 47.783760212364], 
            [-69.7503377079188, 47.7760620156496]
          ], 
          [
            [-69.8154666104956, 47.8605443286579], 
            [-69.8760719231806, 47.7592087205061], 
            [-69.9938111654529, 47.6719115294936], 
            [-70.1100125670263, 47.6243553796971], 
            [-70.1419564861029, 47.5713943044037], 
            [-70.17137331023, 47.4995294797018], 
            [-70.2769986845416, 47.4363610991855], 
            [-70.3438362990059, 47.3497653793688], 
            [-70.4105839812657, 47.3398998165234], 
            [-70.4938701959527, 47.3522025421137], 
            [-70.5245640573853, 47.3013278939672], 
            [-70.5441692779897, 47.2534120153523], 
            [-70.6595972626035, 47.1212746271224], 
            [-70.6693998729057, 47.0860661690186], 
            [-70.6055839805162, 47.103836772649], 
            [-70.4726282092244, 47.184038312718], 
            [-70.4798767449158, 47.2331323032133], 
            [-70.4590124734468, 47.2759220461656], 
            [-70.3271628682717, 47.2240851234298], 
            [-70.2094775853222, 47.32382893156], 
            [-70.088087095543, 47.3735164746057], 
            [-70.0973321261766, 47.4360643229103], 
            [-70.0715395698952, 47.4559663197899], 
            [-70.0519343492907, 47.5038821984048], 
            [-69.9365063646769, 47.5684984874153], 
            [-69.9089421439647, 47.6358487154459], 
            [-69.8014731594587, 47.6585206242275], 
            [-69.7818589456338, 47.7138019503998], 
            [-69.8405037362584, 47.7590648289788], 
            [-69.7789631286454, 47.8610749286651], 
            [-69.7691605183432, 47.896283386769], 
            [-69.8154666104956, 47.8605443286579]
          ], 
          [
            [-70.7144199345323, 47.0860661690186], 
            [-70.7144199345323, 47.0635651314258], 
            [-70.6693998729057, 47.0635651314258], 
            [-70.6693998729057, 47.0860661690186], 
            [-70.7144199345323, 47.0860661690186]
          ], 
          [
            [-70.7655643792926, 47.0545449313036], 
            [-70.7269295041932, 47.0343101852669], 
            [-70.7144199345323, 47.0635651314258], 
            [-70.7655643792926, 47.0545449313036]
          ], 
          [
            [-60.4553227549411, 46.3806829221792], 
            [-60.4372553750355, 46.3607629388586], 
            [-60.4291344969594, 46.3883811188936], 
            [-60.4553227549411, 46.3806829221792]
          ], 
          [
            [-60.365300618129, 46.3581728913659], 
            [-60.3472332382233, 46.3382529080454], 
            [-60.3391123601472, 46.3658710880803], 
            [-60.365300618129, 46.3581728913659]
          ], 
          [
            [-81.134729584103, 45.6906870755482], 
            [-81.1243154348094, 45.7027829570679], 
            [-81.0101105281782, 45.7461212864683], 
            [-80.7927264032009, 45.8453524810323], 
            [-80.5516361490889, 46.0447771447495], 
            [-80.4448596425584, 46.1687127159192], 
            [-80.3653415872444, 46.3469133793491], 
            [-80.3224798985285, 46.6281673560387], 
            [-80.3456104615535, 46.9160223565466], 
            [-80.4274757474078, 47.1893353195694], 
            [-80.596197556472, 47.452863658731], 
            [-81.0378276336383, 47.4173764107928], 
            [-81.2114237681923, 47.379514952653], 
            [-81.414292835346, 47.289456842959], 
            [-81.590757807227, 47.164343159909], 
            [-81.7589040501817, 46.946986014593], 
            [-81.8512104649909, 46.7401329507751], 
            [-81.9064558182813, 46.4969562695163], 
            [-81.8846202790026, 46.225235106515], 
            [-81.7878712132858, 45.818489731516], 
            [-81.6354271332555, 45.7504650119508], 
            [-81.4561922494727, 45.7016767909512], 
            [-81.134729584103, 45.6906870755482]
          ], 
          [
            [-64.7144849854936, 45.5648449416408], 
            [-64.6510917744658, 45.6139838982384], 
            [-64.6019528178682, 45.6323660408602], 
            [-64.5305826202916, 45.6788430042014], 
            [-64.5710880852469, 45.7068029266139], 
            [-64.645066316757, 45.6902194280842], 
            [-64.6694739170875, 45.654867078453], 
            [-64.7360417349381, 45.6089117218986], 
            [-64.7728060201816, 45.5556538703299], 
            [-64.7144849854936, 45.5648449416408]
          ], 
          [
            [-74.2253642091908, 44.7679376901723], 
            [-74.2149500598973, 44.7800335716921], 
            [-74.1573754625075, 44.805718209328], 
            [-74.0344741116908, 44.8928625155927], 
            [-73.9898857246464, 45.0158807782754], 
            [-74.0428917660421, 45.16021297345], 
            [-74.2019638495519, 45.3525239997829], 
            [-74.3600196991497, 45.4230488346361], 
            [-74.4733612566166, 45.3814282103437], 
            [-74.5089834028617, 45.2630954155211], 
            [-74.4811134126538, 45.031564954759], 
            [-74.4282962288878, 44.8877183934891], 
            [-74.3696784179246, 44.7826595920666], 
            [-74.2253642091908, 44.7679376901723]
          ], 
          [
            [-66.0781629768398, 44.4078401497032], 
            [-66.0858611735542, 44.4340284076849], 
            [-66.1057811568749, 44.4159610277793], 
            [-66.0781629768398, 44.4078401497032]
          ], 
          [
            [-64.0755436514183, 44.4165635735501], 
            [-64.1520399846575, 44.3771822611525], 
            [-64.0976310008699, 44.3628290812971], 
            [-64.0755436514183, 44.4165635735501]
          ], 
          [
            [-68.2920600305459, 44.1811120686671], 
            [-68.3363336548742, 44.1418566613559], 
            [-68.2837592880607, 44.1152637084535], 
            [-68.2920600305459, 44.1811120686671]
          ], 
          [
            [-66.1006730076531, 43.6426340003589], 
            [-66.1083712043675, 43.6688222583406], 
            [-66.1282911876881, 43.650754878435], 
            [-66.1006730076531, 43.6426340003589]
          ], 
          [
            [-88.2466582566731, 42.8099157450157], 
            [-88.236037263309, 42.8217957892443], 
            [-88.133721394127, 42.9132208684484], 
            [-88.0784940272775, 43.0551788534214], 
            [-88.1348725263459, 43.2123084013118], 
            [-88.269608955289, 43.2481463848479], 
            [-88.4234200048293, 43.128950240861], 
            [-88.500608816044, 42.9607680250244], 
            [-88.4269993065727, 42.825303145224], 
            [-88.2466582566731, 42.8099157450157]
          ], 
          [
            [-85.5234211689517, 42.6298624781709], 
            [-85.5129980264377, 42.6419493664702], 
            [-85.4292081914048, 42.7141469403291], 
            [-85.4004748520327, 42.7728906563788], 
            [-85.5012618737364, 42.9016016276131], 
            [-85.7338265548516, 42.9328620619347], 
            [-85.7588996534961, 42.8095380297564], 
            [-85.6982853475907, 42.6444764614196], 
            [-85.5234211689517, 42.6298624781709]
          ], 
          [
            [-70.898142435325, 42.3970999462056], 
            [-70.8800750554194, 42.3771799628851], 
            [-70.8719541773434, 42.40479814292], 
            [-70.898142435325, 42.3970999462056]
          ], 
          [
            [-78.4790135956009, 42.2697649377018], 
            [-78.4683926022367, 42.2816539751509], 
            [-78.329564257984, 42.3453709421154], 
            [-78.2260163175989, 42.4612575809726], 
            [-78.1983171985798, 42.747286957727], 
            [-78.2484004433257, 43.0290715344238], 
            [-78.3153909425379, 43.2157977708505], 
            [-78.4091632522822, 43.3500305794478], 
            [-78.5748723324921, 43.4056896208794], 
            [-78.7395292059081, 43.3372062470708], 
            [-78.9400780221829, 43.1127534508112], 
            [-79.1280363298127, 42.8172182400298], 
            [-79.1930663069645, 42.648055763163], 
            [-79.1864203170439, 42.5365308362292], 
            [-79.0381221116461, 42.4040247259604], 
            [-78.6666391540737, 42.2893161989835], 
            [-78.4790135956009, 42.2697649377018]
          ], 
          [
            [-96.7764580670861, 41.6846030619818], 
            [-96.7654323788012, 41.6960874045102], 
            [-96.6974616185588, 41.71813878108], 
            [-96.6264511498007, 41.7424474559854], 
            [-95.8074025895578, 42.1643823803427], 
            [-95.6604353807882, 42.283020944661], 
            [-95.615424312382, 42.3757950069341], 
            [-95.6186528785275, 42.5340307209411], 
            [-95.708818906867, 42.7563161510696], 
            [-95.7526608566132, 42.7984314024873], 
            [-95.8384741662497, 42.8877520681036], 
            [-95.9399536659289, 42.9369899501262], 
            [-96.1160589089914, 42.9333926619419], 
            [-96.2621717618173, 42.8833813629596], 
            [-96.691804882889, 42.5475205516323], 
            [-97.3179938303509, 42.1215296848471], 
            [-97.417656699497, 41.9626284725261], 
            [-97.3702174615665, 41.8240339520054], 
            [-97.15870590955, 41.6984706079323], 
            [-96.7764580670861, 41.6846030619818]
          ], 
          [
            [-88.0441039522356, 41.662102024389], 
            [-88.0342923487129, 41.6748004516796], 
            [-88.0088954941317, 41.6944146655045], 
            [-87.9892812803068, 41.785030354867], 
            [-88.0657776135459, 41.9118437565842], 
            [-88.1731746522883, 41.895970722471], 
            [-88.2114497985693, 41.6732086516581], 
            [-88.0441039522356, 41.662102024389]
          ], 
          [
            [-86.7387469955774, 41.5270688191707], 
            [-86.6715226726332, 41.6358058477617], 
            [-86.685201360954, 41.8653308203612], 
            [-86.826475861172, 41.9202883905969], 
            [-86.9563469578458, 41.8736855221692], 
            [-87.002805934746, 41.7724668258834], 
            [-86.9958991414322, 41.6566341463488], 
            [-86.9159584047565, 41.5421954159858], 
            [-86.7387469955774, 41.5270688191707]
          ], 
          [
            [-83.4078469945431, 41.4820487575442], 
            [-83.3768563568353, 41.5608833281032], 
            [-83.5743834510354, 41.7394257339106], 
            [-83.5977028716901, 41.6161826407164], 
            [-83.5072670467368, 41.4942075916072], 
            [-83.4078469945431, 41.4820487575442]
          ], 
          [
            [-70.8719541773434, 41.4595477199514], 
            [-70.8627631060324, 41.4728576862333], 
            [-70.8136331426554, 41.4912488220755], 
            [-70.7502399316275, 41.5403787854527], 
            [-70.6847692866732, 41.5648763179877], 
            [-70.7056875174649, 41.6487920581071], 
            [-70.8136331426554, 41.5587609280744], 
            [-70.8852731368457, 41.5403787854527], 
            [-70.9468766970019, 41.5002600289773], 
            [-70.8719541773434, 41.4595477199514]
          ], 
          [
            [-70.7332427449567, 41.4222348482597], 
            [-70.7513101248623, 41.4421548315803], 
            [-70.7594310029384, 41.4145366515453], 
            [-70.7332427449567, 41.4222348482597]
          ], 
          [
            [-70.7594310029384, 41.392026620732], 
            [-70.7594310029384, 41.4145366515453], 
            [-70.8269431089373, 41.4145366515453], 
            [-70.8269431089373, 41.392026620732], 
            [-70.7594310029384, 41.392026620732]
          ], 
          [
            [-87.571474244141, 41.3695255831393], 
            [-87.5080180805699, 41.469260398049], 
            [-87.523909101124, 41.597027081135], 
            [-87.570206200056, 41.6340971358742], 
            [-87.6403802993113, 41.6253737120273], 
            [-87.7076945544601, 41.5145412630689], 
            [-87.6915247440716, 41.3845352680883], 
            [-87.571474244141, 41.3695255831393]
          ], 
          [
            [-95.8086976133042, 41.1444612478884], 
            [-95.7988950030019, 41.1571596751789], 
            [-95.758416517708, 41.1884021230596], 
            [-95.7313739037826, 41.3098375789412], 
            [-95.8462533019483, 41.3985107326843], 
            [-96.0116296330011, 41.3740671594719], 
            [-96.0435645588573, 41.2785861378401], 
            [-95.9524632355898, 41.1557207599052], 
            [-95.8086976133042, 41.1444612478884]
          ], 
          [
            [-72.2242737312476, 41.1357018511596], 
            [-72.252386538408, 41.0896026030778], 
            [-72.1924557172575, 41.069385843482], 
            [-72.1548011031883, 41.1444612478884], 
            [-72.2242737312476, 41.1357018511596]
          ], 
          [
            [-73.6627123642841, 40.9419069434508], 
            [-73.6627123642841, 40.9193969126375], 
            [-73.617701295878, 40.9193969126375], 
            [-73.617701295878, 40.9419069434508], 
            [-73.6627123642841, 40.9419069434508]
          ], 
          [
            [-73.6889006222659, 40.9116987159231], 
            [-73.6708332423602, 40.8917787326025], 
            [-73.6627123642841, 40.9193969126375], 
            [-73.6889006222659, 40.9116987159231]
          ], 
          [
            [-90.924875282768, 40.7843637074192], 
            [-90.903228601119, 40.8077280941763], 
            [-90.8681820209834, 40.8402026132601], 
            [-90.8413912172308, 40.8691248102619], 
            [-90.8010925963462, 40.9544974520958], 
            [-90.6998199407376, 40.9504864757703], 
            [-90.6140156243216, 40.9538859131045], 
            [-90.4778582665457, 41.0016039408692], 
            [-90.3437783426963, 41.0938743827966], 
            [-90.2076659510228, 41.3046484907354], 
            [-90.1713513268022, 41.5478071855533], 
            [-90.2457342532332, 41.7600292019862], 
            [-90.4336475947606, 41.9341379501064], 
            [-90.6738924861493, 41.9655063030735], 
            [-90.8524798580589, 41.9187145770162], 
            [-90.990867534509, 41.8234763723368], 
            [-91.0499439997158, 41.8547368066584], 
            [-91.0397187080519, 42.1127792813388], 
            [-91.1290034007862, 42.2815100836235], 
            [-91.3715685430537, 42.6248442611538], 
            [-91.5508034268366, 42.7757235208239], 
            [-91.6871946083444, 42.7035529266263], 
            [-91.8584525055786, 42.4606370487609], 
            [-92.0100152500037, 42.2512119238913], 
            [-92.3620908378218, 41.8529201761253], 
            [-92.4211043504854, 41.7121852691349], 
            [-92.3748162447738, 41.5801108334483], 
            [-92.2194763477552, 41.479800452429], 
            [-91.9966962905013, 41.4487198825166], 
            [-91.6636053910759, 41.7537429408841], 
            [-91.4339185405082, 41.8621382270976], 
            [-91.1441659704831, 41.8979852038541], 
            [-91.0715996745852, 41.8350596402902], 
            [-91.3244800407213, 41.4220549838505], 
            [-91.4123797775047, 41.2131874386495], 
            [-91.4078831672743, 41.0998908472849], 
            [-91.3150011863556, 40.9481932045528], 
            [-91.1102975022279, 40.79804239574], 
            [-90.924875282768, 40.7843637074192]
          ], 
          [
            [-95.0209814331466, 40.5592993721684], 
            [-95.010567283853, 40.5713952536881], 
            [-94.8963623772219, 40.5922235522752], 
            [-94.7829129011094, 40.6232771425262], 
            [-94.614811624257, 40.76232132407], 
            [-94.582957637385, 40.9861266084563], 
            [-94.6873959065958, 41.2341236558821], 
            [-94.8523855291688, 41.3762704984848], 
            [-95.0679260439517, 41.4024407700256], 
            [-95.2189491951492, 41.3181832875288], 
            [-95.3356991831707, 41.1826734416261], 
            [-95.4013856654161, 40.9644979132482], 
            [-95.3902160856038, 40.8255076910272], 
            [-95.3397910984804, 40.6881992010324], 
            [-95.2356316191039, 40.5984558540545], 
            [-95.0209814331466, 40.5592993721684]
          ], 
          [
            [-75.4632000666297, 39.366483576356], 
            [-75.4708982633441, 39.3926628411173], 
            [-75.4908182466647, 39.3746044544321], 
            [-75.4632000666297, 39.366483576356]
          ], 
          [
            [-84.3531064107322, 39.366483576356], 
            [-84.3430969563594, 39.378975159576], 
            [-84.3041922846461, 39.4101366684725], 
            [-84.27557585714, 39.5977712201658], 
            [-84.4474722730269, 39.7140805403847], 
            [-84.6044039700671, 39.5885621624139], 
            [-84.6331822755415, 39.4915433000833], 
            [-84.5420539726127, 39.3775991968456], 
            [-84.3531064107322, 39.366483576356]
          ], 
          [
            [-86.1535851198573, 39.366483576356], 
            [-86.1315337432875, 39.3894342749719], 
            [-86.0887889664376, 39.4305063128162], 
            [-85.7257686293187, 39.5616184739135], 
            [-85.6924397542912, 39.616162356008], 
            [-85.7605184331791, 39.7839938362466], 
            [-85.9176479810694, 39.8349853962591], 
            [-86.009064067053, 39.8969486852337], 
            [-86.0547226473323, 39.9910537441351], 
            [-86.0513951557618, 40.1541907632932], 
            [-86.0527531320514, 40.2206776421596], 
            [-86.2626548976054, 40.2798890056732], 
            [-86.3725700380767, 40.277640700558], 
            [-86.7808442605541, 39.8527020405668], 
            [-86.8623048514876, 39.713325109866], 
            [-86.7605105890923, 39.5631473213918], 
            [-86.4346862117992, 39.4454800248833], 
            [-86.2776016300111, 39.3775092646409], 
            [-86.1535851198573, 39.366483576356]
          ], 
          [
            [-75.425887194938, 39.3701618035245], 
            [-75.4458071782586, 39.3520944236188], 
            [-75.4181889982236, 39.3439735455428], 
            [-75.425887194938, 39.3701618035245]
          ], 
          [
            [-75.3956789674103, 39.3439735455428], 
            [-75.4181889982236, 39.3439735455428], 
            [-75.4181889982236, 39.32147250795], 
            [-75.3956789674103, 39.32147250795], 
            [-75.3956789674103, 39.3439735455428]
          ], 
          [
            [-83.2052926901055, 39.2539514087306], 
            [-83.1944648526708, 39.2656336021091], 
            [-83.0360672606955, 39.2872802837581], 
            [-82.8772469873585, 39.314934436675], 
            [-82.6985696832442, 39.3617531423937], 
            [-82.6037002006037, 39.4270349297183], 
            [-82.539353708207, 39.5633721519034], 
            [-82.5433646845325, 39.6645728617482], 
            [-82.7218441377967, 39.8049210602588], 
            [-82.8394664682029, 39.9006448988431], 
            [-82.92353509307, 40.0308397514535], 
            [-82.9896352634566, 40.0620372332318], 
            [-83.0857368173002, 40.0283486293858], 
            [-83.1539593877155, 40.0310555887445], 
            [-83.2483522296716, 40.0810039351836], 
            [-83.3221146238907, 40.1606119227022], 
            [-83.3768023975126, 40.3333357148714], 
            [-83.3721439093139, 40.4506972418843], 
            [-83.2649986807444, 40.73148357111], 
            [-83.2394759210769, 40.8546097524382], 
            [-83.308984522018, 40.9556216046534], 
            [-83.448208567971, 40.9996973781316], 
            [-83.5753547188451, 41.0669756603985], 
            [-83.9912192193914, 41.263243703734], 
            [-84.189070069528, 41.3843823833404], 
            [-84.1836921236925, 41.5199821614477], 
            [-83.9138055776652, 41.7179409302298], 
            [-83.6661232929555, 41.9124463023551], 
            [-83.4813755650302, 41.9996355747221], 
            [-83.436517381372, 42.1413417495222], 
            [-83.4427316967104, 42.2981115685941], 
            [-83.5580607558991, 42.4657182183212], 
            [-83.7077708969093, 42.5623953382743], 
            [-84.0118676535693, 42.5503444228569], 
            [-84.155264553816, 42.4744686218296], 
            [-84.5992508547431, 42.1131390101573], 
            [-84.6790117270095, 41.9355948518211], 
            [-84.6319322178975, 41.7559103070151], 
            [-84.4499544018741, 41.4587023572281], 
            [-84.4551524833004, 41.3274283181624], 
            [-84.5855811596427, 40.8819131697571], 
            [-84.6114906277902, 40.6335474002923], 
            [-84.5579000270645, 40.5322657514633], 
            [-84.4438929712836, 40.4266313839313], 
            [-84.3120523593288, 40.3414925658294], 
            [-84.1330962653803, 40.2848352769266], 
            [-83.7135985037679, 40.2346351203146], 
            [-83.6620493640868, 40.2073586826572], 
            [-83.5880891190176, 40.0506518161285], 
            [-83.6065791802849, 39.5840835386245], 
            [-83.5619548203586, 39.4137789227591], 
            [-83.4848559413485, 39.268070764854], 
            [-83.2052926901055, 39.2539514087306]
          ], 
          [
            [-84.5106406535432, 39.1189182035124], 
            [-84.521819226576, 39.1916553705989], 
            [-84.5861837054136, 39.2179245675648], 
            [-84.5646359491897, 39.1323810545421], 
            [-84.5106406535432, 39.1189182035124]
          ], 
          [
            [-76.3822712248371, 38.946563133382], 
            [-76.4003386047427, 38.9664831167025], 
            [-76.4084594828188, 38.9388649366676], 
            [-76.3822712248371, 38.946563133382]
          ], 
          [
            [-76.228406215974, 38.6462884954178], 
            [-76.2697840233139, 38.6998880893639], 
            [-76.3057299254956, 38.6594185972905], 
            [-76.228406215974, 38.6462884954178]
          ], 
          [
            [-76.3698605806012, 38.4999957781827], 
            [-76.3220975867342, 38.6300557324861], 
            [-76.3863181740444, 38.6853910179812], 
            [-76.4272912864636, 38.7588206630432], 
            [-76.3962287029922, 38.8144976909158], 
            [-76.4084594828188, 38.9388649366676], 
            [-76.4334516424793, 38.9188460279219], 
            [-76.4634710123773, 38.8138411858221], 
            [-76.5002802637231, 38.7512303849743], 
            [-76.4691996938108, 38.5013357680314], 
            [-76.3848252994479, 38.4337697027097], 
            [-76.3409383835995, 38.421224160167], 
            [-76.3698605806012, 38.4999957781827]
          ], 
          [
            [-76.5061798163454, 38.1098159152724], 
            [-76.526099799666, 38.0917575285871], 
            [-76.498481619631, 38.0836366505111], 
            [-76.5061798163454, 38.1098159152724]
          ], 
          [
            [-85.6809644049832, 38.0836366505111], 
            [-85.6645517776424, 38.1544312819782], 
            [-85.6988069543774, 38.2415665950224], 
            [-85.6824572795798, 38.3522101863511], 
            [-85.7741341689567, 38.3386663963372], 
            [-85.7580722772138, 38.2299203745258], 
            [-85.7772728028975, 38.0999953185292], 
            [-85.6809644049832, 38.0836366505111]
          ], 
          [
            [-75.9225108152219, 38.0028055850098], 
            [-75.9041286726001, 38.0741128300431], 
            [-75.9900319144413, 38.075632684301], 
            [-75.9358297747243, 37.9936055204785], 
            [-75.9225108152219, 38.0028055850098]
          ], 
          [
            [-75.752098280711, 37.933791611194], 
            [-75.7701656606167, 37.9537115945146], 
            [-75.7782865386927, 37.9260934144796], 
            [-75.752098280711, 37.933791611194]
          ], 
          [
            [-75.7782865386927, 37.9035833836663], 
            [-75.7782865386927, 37.9260934144796], 
            [-75.8007875762855, 37.9260934144796], 
            [-75.8007875762855, 37.9035833836663], 
            [-75.7782865386927, 37.9035833836663]
          ], 
          [
            [-87.4139310081095, 37.8360712776674], 
            [-87.3781110110143, 37.8902734173844], 
            [-87.3597288683925, 37.9786947609545], 
            [-87.4156756928789, 38.0646159892366], 
            [-87.5153655416863, 38.0422678363916], 
            [-87.5783540577935, 37.9510496012581], 
            [-87.5345660673701, 37.8468001896771], 
            [-87.4139310081095, 37.8360712776674]
          ], 
          [
            [-81.3822949569466, 37.7460401476348], 
            [-81.3718808076531, 37.7581360291545], 
            [-81.2449145211882, 37.7963572161127], 
            [-81.0688812238893, 37.9471105706963], 
            [-80.9247468795648, 38.1971041130644], 
            [-80.8992510995585, 38.4953462832045], 
            [-80.9993186636254, 38.6747070720738], 
            [-81.0742861493862, 38.7392873882025], 
            [-81.2278274023127, 38.8077977416725], 
            [-81.414526659078, 38.8367469183357], 
            [-81.6766340694067, 38.7892267414211], 
            [-81.7828170233869, 38.7299883982461], 
            [-81.885798390883, 38.6104505118817], 
            [-81.9527349307724, 38.3881291088713], 
            [-81.9306655677617, 38.1134311898976], 
            [-81.8159930136666, 37.907891136267], 
            [-81.5681488509886, 37.764997856366], 
            [-81.3822949569466, 37.7460401476348]
          ], 
          [
            [-76.3465771328284, 37.3472807524048], 
            [-76.3714074145205, 37.3073148806773], 
            [-76.3184283527862, 37.2959204703535], 
            [-76.3465771328284, 37.3472807524048]
          ], 
          [
            [-89.3044408472672, 38.7813217006361], 
            [-89.2913017521741, 38.861307403414], 
            [-89.4610218087095, 38.9534699266958], 
            [-89.4952500057831, 38.9978244900083], 
            [-89.5520062201109, 38.9613749674808], 
            [-89.5832306815507, 38.9938674730055], 
            [-89.6898183304515, 39.0624227925779], 
            [-89.7430851752406, 38.9273895873596], 
            [-89.8120541829541, 38.813661321413], 
            [-90.0361112775134, 38.7252849439451], 
            [-90.0794496069138, 38.6801749501139], 
            [-90.1566923774512, 38.6577638447257], 
            [-90.1966042898561, 38.7807641209675], 
            [-90.3144964168761, 38.8148574197342], 
            [-90.2395469175561, 38.5958904879557], 
            [-90.4412198863886, 38.5677417079136], 
            [-90.519263053547, 38.5410228499247], 
            [-90.553302392991, 38.2972166432336], 
            [-90.5584285286536, 38.2751652666638], 
            [-90.6208234922103, 38.4137148210822], 
            [-90.5524120641654, 38.5465177076262], 
            [-90.554903186233, 38.6687895330106], 
            [-90.5523581048426, 38.7938492567379], 
            [-90.3891491399208, 38.8468103320313], 
            [-90.0586213083267, 39.1528945904131], 
            [-89.9293077913214, 39.2487533273043], 
            [-89.9010780722951, 39.3229114232237], 
            [-89.9908933650367, 39.4554265267129], 
            [-90.5911818375717, 40.0321707480816], 
            [-90.6998199407376, 40.0299494226279], 
            [-90.7898420775498, 40.0317840396018], 
            [-90.8701875091461, 40.0301472734779], 
            [-90.9133999334601, 39.9851721779538], 
            [-90.9588606628892, 39.963120801384], 
            [-91.1090564378043, 39.8720374645574], 
            [-91.1830526557554, 39.8735393323744], 
            [-91.2359148056237, 39.8463078608192], 
            [-91.4669236595992, 39.5751262910456], 
            [-91.6069391089526, 39.6472609123613], 
            [-91.4985618091801, 39.5129921308822], 
            [-91.4357981235845, 39.4172682922979], 
            [-91.4089803401705, 38.8148574197342], 
            [-91.3801121024915, 38.4757770354819], 
            [-91.2916278063781, 38.1700345194776], 
            [-91.1639870283786, 37.9222443161224], 
            [-90.9056837503048, 37.6364487631], 
            [-90.4805832123453, 37.2994188331127], 
            [-90.3253782136336, 37.1691340482978], 
            [-90.238665581951, 37.0368797482019], 
            [-90.2204183376361, 37.0148193784117], 
            [-90.0885237663587, 37.1927502452277], 
            [-90.0542506031827, 37.2983486398779], 
            [-90.1285256109681, 37.4700022388123], 
            [-90.1771699404404, 37.6199282171136], 
            [-90.1701462352605, 37.9640987641467], 
            [-90.0723719424112, 38.2051620385973], 
            [-89.893541753549, 38.4181934448717], 
            [-89.6253549261888, 38.5702328299812], 
            [-89.3152417050406, 38.6458388343948], 
            [-89.2472529583573, 38.680858434869], 
            [-89.1583729605437, 38.7683354902907], 
            [-89.3044408472672, 38.7813217006361]
          ], 
          [
            [-76.498481619631, 35.3378895319764], 
            [-76.5061798163454, 35.3640777899581], 
            [-76.526099799666, 35.3460104100525], 
            [-76.498481619631, 35.3378895319764]
          ], 
          [
            [-82.5751197459794, 35.2478673951642], 
            [-82.5647055966859, 35.2599542834635], 
            [-82.419276228615, 35.2929953754363], 
            [-82.3044417965516, 35.3570630779988], 
            [-82.2721291554361, 35.5224304158311], 
            [-82.3863970146105, 35.7798433650793], 
            [-82.5818466748841, 35.9482324249865], 
            [-82.7756325893724, 35.9326561671485], 
            [-82.8397992173599, 35.8581743152925], 
            [-82.8907458112701, 35.6889758655438], 
            [-82.8525965700756, 35.4430922249263], 
            [-82.7813972436878, 35.3154784265882], 
            [-82.7258101480198, 35.2675805344142], 
            [-82.5751197459794, 35.2478673951642]
          ], 
          [
            [-80.6621088692289, 35.0903241591327], 
            [-80.6522972657062, 35.1030225864233], 
            [-80.596881041227, 35.1257034884254], 
            [-80.5427688337147, 35.1958146351374], 
            [-80.6010718819617, 35.3441218337557], 
            [-80.705168408795, 35.3702021730919], 
            [-80.8294547155626, 35.2400343001429], 
            [-80.7783642301251, 35.1100732712645], 
            [-80.6621088692289, 35.0903241591327]
          ], 
          [
            [-76.1608851167547, 35.0228030599134], 
            [-76.129642668874, 35.0590727180316], 
            [-76.0812771292361, 35.1007383084263], 
            [-76.0197005487413, 35.1722164246484], 
            [-75.9238777847319, 35.164518227934], 
            [-75.6775534763118, 35.2600711953295], 
            [-75.6538743268387, 35.2581646325918], 
            [-75.6103291533677, 35.2824643142767], 
            [-75.5636363527354, 35.3032926128639], 
            [-75.5352627421818, 35.3669016611828], 
            [-75.5445077728154, 35.4819789101986], 
            [-75.5186252843293, 35.5283569481147], 
            [-75.4977969857422, 35.5858326200794], 
            [-75.5493461254233, 35.7262077982514], 
            [-75.6103291533677, 35.7534212833656], 
            [-75.6311574519548, 35.7775950599641], 
            [-75.6590364353831, 35.8016159518148], 
            [-75.702131947831, 35.7981535619374], 
            [-75.6946136155259, 35.7045251437205], 
            [-75.7249747278014, 35.5653370706494], 
            [-75.9148755710507, 35.5221965920991], 
            [-76.030762209908, 35.3608042577104], 
            [-76.1054598990551, 35.3274753826829], 
            [-76.1518379369712, 35.3016018874172], 
            [-76.2058961851608, 35.3059456128998], 
            [-76.2867632235439, 35.2994435145067], 
            [-76.4450439036532, 35.3281408809969], 
            [-76.4393511951015, 35.2572383308843], 
            [-76.5289776302134, 35.0965924337939], 
            [-76.6019126481501, 35.0337568024345], 
            [-76.549347274557, 35.0123889106198], 
            [-76.4698921717862, 35.1046233796653], 
            [-76.2802611251507, 35.0349798804172], 
            [-76.1608851167547, 35.0228030599134]
          ], 
          [
            [-86.0410619454524, 33.6274329596634], 
            [-86.0304409520882, 33.6393130038921], 
            [-85.8614943125124, 33.678622370526], 
            [-85.7617055382799, 33.7144333744008], 
            [-85.6729604387731, 33.7626550225113], 
            [-85.6028223123997, 33.8501950304764], 
            [-85.6528965639253, 33.9897518255864], 
            [-85.7463451177329, 34.0732538775645], 
            [-86.04355306752, 34.1331846987149], 
            [-86.2660813146009, 34.0856375421389], 
            [-86.3491786716583, 34.0404825822055], 
            [-86.3934163231048, 33.9441022385276], 
            [-86.363127156593, 33.8023331111842], 
            [-86.2386519921956, 33.6417141937551], 
            [-86.0410619454524, 33.6274329596634]
          ], 
          [
            [-84.375607448325, 33.6049229288502], 
            [-84.3218010103083, 33.6863475469018], 
            [-84.3001363422184, 33.7716572361926], 
            [-84.4249802286546, 33.7192177676859], 
            [-84.4523196188553, 33.6170098171494], 
            [-84.375607448325, 33.6049229288502]
          ], 
          [
            [-95.7742985450417, 33.4641610421984], 
            [-95.7643070771099, 33.569102931755], 
            [-95.8118722201268, 33.5002148630256], 
            [-95.8312076441174, 33.4248786552258], 
            [-95.7742985450417, 33.4641610421984]
          ], 
          [
            [-95.8312076441174, 33.4248786552258], 
            [-95.8573869088787, 33.4171804585114], 
            [-95.839319528973, 33.3972514819704], 
            [-95.8312076441174, 33.4248786552258]
          ], 
          [
            [-90.6998199407376, 33.1773042891617], 
            [-90.6887852592322, 33.1887886316901], 
            [-90.5868381120891, 33.2218656965447], 
            [-90.4640716595794, 33.2638910157578], 
            [-90.2909521657098, 33.403645661718], 
            [-90.238665581951, 33.5762345555803], 
            [-90.2907363284187, 33.8304728980059], 
            [-90.3976297468153, 34.0692339080185], 
            [-90.6023694038249, 34.2034667166158], 
            [-90.7577452737253, 34.2538917037392], 
            [-91.1456498518591, 34.2459776697337], 
            [-91.4811329479272, 34.1600024821289], 
            [-91.5246511417367, 34.2052923403693], 
            [-91.5210628467729, 34.3813795969909], 
            [-91.5215215010164, 34.4038896278042], 
            [-91.5125912330989, 34.841274904913], 
            [-91.5453715216783, 35.0655838096452], 
            [-91.6373092144486, 35.3341753319261], 
            [-91.7863628503652, 35.579969040339], 
            [-91.9656337070299, 35.7221068897213], 
            [-92.1376560280032, 35.7556875749217], 
            [-92.2931308233288, 35.7525129680991], 
            [-92.5168821483924, 35.6617533872092], 
            [-92.666619269064, 35.560255901089], 
            [-92.8541009360093, 35.3651120103111], 
            [-92.9958430836913, 35.126342007078], 
            [-93.0289741078687, 34.9182208991752], 
            [-92.9803297783965, 34.7761190226748], 
            [-92.7249133240906, 34.4718603880465], 
            [-92.4892729615779, 34.1335893936357], 
            [-92.4098538316889, 34.028917300693], 
            [-92.2671584026381, 33.9231390416335], 
            [-92.0338562774452, 33.8864736818151], 
            [-91.7100463815352, 33.9527986827131], 
            [-91.6106443157825, 33.8854124818007], 
            [-91.6117055157969, 33.8333867014352], 
            [-91.4501962695422, 33.5198830361733], 
            [-91.3157925897562, 33.3427435727577], 
            [-91.1100996513778, 33.1902725130661], 
            [-90.6998199407376, 33.1773042891617]
          ], 
          [
            [-79.5593062170083, 32.9522489471313], 
            [-79.5670044137227, 32.9784282118925], 
            [-79.5869243970432, 32.9603698252074], 
            [-79.5593062170083, 32.9522489471313]
          ], 
          [
            [-84.2630752806996, 32.7496946426937], 
            [-84.2530658263267, 32.7621862259137], 
            [-84.2127761986626, 32.7944539009268], 
            [-84.1217738008202, 32.9239203026799], 
            [-84.1412351298973, 33.0803573725947], 
            [-84.2354481074441, 33.2406345476463], 
            [-84.3894300281732, 33.3639405933837], 
            [-84.5700588611275, 33.3898680479721], 
            [-84.7401476397018, 33.2898904161099], 
            [-84.7831622131656, 33.2361829035183], 
            [-84.8173184644755, 33.155118014285], 
            [-84.8100519423432, 33.0966980541719], 
            [-84.7257944598464, 32.9533641064684], 
            [-84.5685300136491, 32.8274320403565], 
            [-84.4505479544245, 32.760729324199], 
            [-84.2630752806996, 32.7496946426937]
          ], 
          [
            [-83.6104012989807, 32.6821735434743], 
            [-83.5997803056165, 32.6940625809235], 
            [-83.4261931642831, 32.7951193992409], 
            [-83.3747249635861, 32.9274456451005], 
            [-83.4283155643118, 33.0768050505127], 
            [-83.5456501116632, 33.1514307938961], 
            [-83.7198757716495, 33.1410526174844], 
            [-83.8715914008224, 33.0350765075748], 
            [-83.9671983275407, 32.9280751705328], 
            [-83.9583579918278, 32.7797769651349], 
            [-83.8234237120346, 32.6939636554984], 
            [-83.6104012989807, 32.6821735434743]
          ], 
          [
            [-96.8214691354922, 31.33180551841], 
            [-96.8104434472073, 31.3432898609384], 
            [-96.7205741951429, 31.4296337705821], 
            [-96.6979112795818, 31.5506915112044], 
            [-96.767302968657, 31.7534256800512], 
            [-96.96254578486, 32.0753739793258], 
            [-96.9112844282337, 32.174883963724], 
            [-96.719971649372, 32.3106006536973], 
            [-96.6159380750821, 32.3895431429018], 
            [-96.4935853107135, 32.6997552894751], 
            [-96.3844795600835, 32.9115366381054], 
            [-95.9608808899411, 33.3689678036213], 
            [-95.9327051302375, 33.5735905487649], 
            [-95.9822218020944, 33.669701095829], 
            [-96.0907070205125, 33.7739325209691], 
            [-96.0890162950659, 33.8567780678536], 
            [-96.3669337869646, 33.886024020792], 
            [-96.9026869094732, 33.7026432623767], 
            [-97.1930510184897, 33.6389083089713], 
            [-97.6316413871402, 33.5350725855315], 
            [-98.0932903730522, 33.4813650729399], 
            [-98.467102574724, 33.4309580722573], 
            [-98.3884118956924, 33.2010553843986], 
            [-98.354813224051, 33.0632432740579], 
            [-98.2508336090837, 32.0855363184464], 
            [-98.1826380183298, 32.0524502603713], 
            [-98.0729207287086, 31.9959278697755], 
            [-97.9013120958764, 31.9624281235591], 
            [-97.6892429641914, 31.9189908687337], 
            [-97.5605679658389, 31.8527108339379], 
            [-97.4181063605201, 31.6354166411651], 
            [-97.2726410195673, 31.4667487914236], 
            [-97.0693672574929, 31.3460867525017], 
            [-96.8214691354922, 31.33180551841]
          ], 
          [
            [-97.4291320488049, 31.1067501763796], 
            [-97.4368302455193, 31.1329294411409], 
            [-97.4567592220604, 31.1148710544557], 
            [-97.4291320488049, 31.1067501763796]
          ], 
          [
            [-94.6195510514398, 30.6264222715707], 
            [-94.6014926647546, 30.60650228825], 
            [-94.5933717866786, 30.634120468285], 
            [-94.6195510514398, 30.6264222715707]
          ], 
          [
            [-94.597050013847, 30.5589011723513], 
            [-94.5789826339413, 30.5389811890307], 
            [-94.5708617558653, 30.5665993690657], 
            [-94.597050013847, 30.5589011723513]
          ], 
          [
            [-81.5623482237914, 30.4090561330342], 
            [-81.5529503084099, 30.422168248466], 
            [-81.4843500227353, 30.4713341847249], 
            [-81.4629281715978, 30.5905123422709], 
            [-81.5478781320701, 30.6660194212594], 
            [-81.6797996830089, 30.6399570683641], 
            [-81.7067793443912, 30.5155718361714], 
            [-81.6546096724983, 30.4334007808215], 
            [-81.5623482237914, 30.4090561330342]
          ], 
          [
            [-95.3810789736157, 29.7338811137225], 
            [-95.3363107221621, 29.7940637450459], 
            [-95.2544814091896, 29.7799713685839], 
            [-95.1549354519095, 29.9246542993565], 
            [-95.1014078037271, 30.098358352556], 
            [-95.1818971268509, 30.1582352143837], 
            [-95.504870653258, 30.0943473762305], 
            [-95.5543333657922, 30.0278515041436], 
            [-95.5196824873569, 29.8509908305625], 
            [-95.4444901710844, 29.751067158023], 
            [-95.3810789736157, 29.7338811137225]
          ], 
          [
            [-95.133513600772, 29.5538278468777], 
            [-95.0598231523166, 29.6525644143164], 
            [-95.1046543563134, 29.7268933814245], 
            [-95.1768159572906, 29.716227421958], 
            [-95.2108373102936, 29.5753576166608], 
            [-95.133513600772, 29.5538278468777]
          ], 
          [
            [-82.0799890002921, 29.1487192380025], 
            [-82.0876871970065, 29.1749074959843], 
            [-82.1076071803271, 29.1568401160786], 
            [-82.0799890002921, 29.1487192380025]
          ], 
          [
            [-80.7235505514167, 24.9073006314191], 
            [-80.7430028872733, 24.9468258353441], 
            [-80.7521310060411, 24.8950698515924], 
            [-80.7235505514167, 24.9073006314191]
          ]
        ]
      }, 
      "properties" : {
        "OBJECTID" : 129, 
        "Id" : 129, 
        "gridcode" : 1, 
        "Unixtime" : 1790650800, 
        "Timestamp" : 1790650800000, 
        "Shape__Area" : 7712463284902.2324, 
        "Shape__Length" : 41823492.890039057
      }
    }, 
    {
      "type" : "Feature", 
      "id" : 130, 
      "geometry" : 
      {
        "type" : "Polygon", 
        "coordinates" : 
        [
          [
            [-100.17487916734, 19.9887464834635], 
            [-102.097144067944, 19.9994753954732], 
            [-102.302180501229, 20.172190194422], 
            [-102.520436968591, 20.4381916692103], 
            [-102.653671529717, 20.7319732020018], 
            [-102.692432309903, 21.0234614635758], 
            [-102.648401502527, 21.3060014707913], 
            [-102.548567762192, 21.5235115008551], 
            [-102.37129340047, 21.7507971615598], 
            [-102.122567902187, 21.9245371876412], 
            [-101.91495940785, 21.9990280327176], 
            [-101.677079733443, 22.0413051621036], 
            [-101.255648429431, 22.0161870973567], 
            [-100.929221506367, 22.0658386675205], 
            [-100.592947006899, 22.0858845559276], 
            [-100.305163952155, 22.0189210363768], 
            [-100.058021260673, 21.8750385022251], 
            [-99.911152977328, 21.6960284489538], 
            [-99.8567709732018, 21.595960884887], 
            [-99.8075330911792, 21.4587513203173], 
            [-99.7642487211015, 21.2151429644763], 
            [-99.8136754607539, 20.8979250991641], 
            [-99.8691456445558, 20.7182945136809], 
            [-99.9617038695379, 20.4957662666], 
            [-100.033829497633, 20.2339286528851], 
            [-100.117979061484, 20.0893896136398], 
            [-100.164258173975, 20.0231365585054], 
            [-100.17487916734, 19.9887464834635]
          ]
        ]
      }, 
      "properties" : {
        "OBJECTID" : 130, 
        "Id" : 130, 
        "gridcode" : 1, 
        "Unixtime" : 1790650800, 
        "Timestamp" : 1790650800000, 
        "Shape__Area" : 69338603359.009766, 
        "Shape__Length" : 968079.25079894951
      }
    }
  ]
}